name,topBrand,brandCode,id
test brand @1612366101024,0,,601ac115be37ce2ead437551
Starbucks,0,STARBUCKS,601c5460be37ce2ead43755f
test brand @1612366146176,0,TEST BRANDCODE @1612366146176,601ac142be37ce2ead43755d
test brand @1612366146051,0,TEST BRANDCODE @1612366146051,601ac142be37ce2ead43755a
test brand @1612366146827,0,TEST BRANDCODE @1612366146827,601ac142be37ce2ead43755e
test brand @1612366146091,0,TEST BRANDCODE @1612366146091,601ac142be37ce2ead43755b
test brand @1612366146133,0,TEST BRANDCODE @1612366146133,601ac142be37ce2ead43755c
J.L. Kraft,1,J.L. KRAFT,5cdad0f5166eb33eb7ce0faa
Campbell's Home Style,0,CAMPBELLS HOME STYLE,5ab15636e4b0be0a89bb0b07
test,1,TEST,5c408e8bcd244a1fdb47aee7
test brand @1598813526777,1,TEST BRANDCODE @1598813526777,5f4bf556be37ce0b4491554d
MorningStar,1,,57c08106e4b0718ff5fcb02c
Calumet,0,CALUMET,588ba07be4b02187f85cdadd
Entertainment Weekly,1,511111205012,5d6413156d5f3b23d1bc790a
AUNT JEMIMA Syrup,0,AUNT JEMIMA SYRUP,585a9611e4b03e62d1ce0e74
Molson Canadian,0,MOLSON,57e5820ce4b0ac389136a311
Lotrimin®,0,LOTRIMIN,5fb6adb8be37ce522e165cb8
test brand @1597342520277,1,TEST BRANDCODE @1597342520277,5f358338be37ce443bf9d55a
test brand @1605535049181,0,,5fb28549be37ce522e165cb5
ST. IVES,0,ST IVES,592486bfe410d61fcea3d139
Chris Image Test,1,CHRISIMAGE,5c4699f387ff3577e203ea29
Alka-Seltzer®,1,ALKA SELTZER,5da6071ea60b87376833e34d
Jack Daniel's,0,JACK DANIEL'S BARBECUE,57ebc011e4b0ac389136a335
Bottled Starbucks,1,,5332f5fee4b03c9a25efd0bd
Full Throttle,1,,5332fa7ce4b03c9a25efd22e
PopUp Brand A,1,,5e9f18bfbe37ce3e45b6a77f
MAGNUM Ice Cream,0,MAGNUM Ice Cream,592486bee410d61fcea3d133
Elegant Homes Magazine,1,511111105329,5d66d71fa3a018093ab34728
test brand @1598635634882,1,TEST BRANDCODE @1598635634882,5f493e72be37ce64d0ae36c6
test brand @1598633693011,1,,5f4936ddbe37ce52f8314fd9
Taco Bell,0,TACO BELL,57ebc2e7e4b0ac389136a34b
test brand @1607639214411,0,,5fd2a0aebe37ce49eb72c0ee
Frosted Cheerios™,1,FROSTED CHEERIOS,5dc03596a60b873d6b0666cd
test brand @1598639199674,1,TEST BRANDCODE @1598639199674,5f494c5f04db711dd8fe87e6
Gold Medal,1,,5332f772e4b03c9a25efd125
GODIVA Instant Pudding Mix,0,GODIVA DRY PACKAGED DESSERTS,59dfaad1e4b0a56a2fa69abc
LÄRABAR™,1,LARABAR,5daf33e71dda2c3e1416ae93
test brand @1597350074333,1,TEST BRANDCODE @1597350074333,5f35a0babe37ce6853cff1ff
test brand @1607636368717,0,TEST BRANDCODE @1607636368717,5fd29590be37ce38bbbefb28
test brand @1607707830095,0,TEST BRANDCODE @1607707830095,5fd3acb6be37ce0d9386bb40
Cottonelle,0,COTTONELLE,5bd200a6965c7d66d92731ea
Izze,0,IZZE,585a9675e4b03e62d1ce0e7f
Mio,0,MIO,5887a17ee4b02187f85cdad3
Glaceau vitaminwater,1,,5332f765e4b03c9a25efd11f
Magnolia Journal Magazine,1,511111505365,5d66d94d6d5f3b6188d4f04b
American Patchwork & Quilting Magazine,1,QUILTING SPECIAL EDITION,5d66d2fd6d5f3b6188d4f045
Gree Giant,1,,5332f5f3e4b03c9a25efd0ad
test brand @1604437351617,0,TEST BRANDCODE @1604437351617,5fa1c567be37ce402c4618f1
Herman Joseph's,1,HERMAN,5a5d1e76e4b0db471c2d0425
Sundrop,1,,55b630d9e4b0d8e685c1421f
Kevita Sparkling Drinks,1,KEVITA,5d602d9d6d5f3b23d1bc7907
Delimex,0,DELIMEX,57ebbf75e4b0ac389136a32f
THE RIGHT TO SHOWER,1,THE RIGHT TO SHOWER,5d2f68d96d5f3b107e208da4
CARESS,0,CARESS,592486bde410d61fcea3d124
test brand @1595340086044,1,TEST BRANDCODE @1595340086044,5f16f536be37ce2b30061e27
Blue Bunny,1,,5332f6ede4b03c9a25efd0e5
Krave,1,,5332fa05e4b03c9a25efd1d6
test brand @1597861700968,1,TEST BRANDCODE @1597861700968,5f3d6f44be37ce4ddbb1bb3e
DASH-2249 Brand1,1,TEST BRAND CODE,5c76d3cd95144c5375687b4f
test brand @1598026275245,1,TEST BRANDCODE @1598026275245,5f3ff223be37ce1c81aa1e11
Swanson,0,SWANSON,5a8c36dbe4b0ccf165fac9e9
A&W Rootbeer,1,,55b630e1e4b0d8e685c14220
test brand @1598026274668,1,TEST BRANDCODE @1598026274668,5f3ff222be37ce1c81aa1e0f
DASH-2249 Brand2,0,DASH-2249 1,5c76db7295144c5375687b50
ONE A DAY® WOMENS,0,511111805854,5da609991dda2c3e1416ae90
Kettle Brand,0,KETTLE BRAND,5afda575e4b0c11cfecd49f9
Campbell's Soup at Hand,0,CAMPBELLS SOUP AT HAND ,5ab154dde4b0915382df761f
test brand @1597936021514,1,,5f3e9195be37ce5a0e01b960
Rainbo,0,RAINBO,5fb82faebe37ce522e165ce9
Crispin Cider Company,0,CRISPIN,57e58157e4b0ac389136a30a
test brand @1607707830137,0,TEST BRANDCODE @1607707830137,5fd3acb6be37ce0d9386bb41
Claritin®,0,CLARITIN®,5e90a545ee7f2d70340f40d7
Cookie Crisp™,1,COOKIE CRISP,5daf5e94a60b87376833e362
test brand @1605535020441,0,TEST BRANDCODE @1605535020442,5fb2852cbe37ce522e165caf
Keebler,1,,5332f743e4b03c9a25efd109
test brand @1604946244750,0,TEST BRANDCODE @1604946244750,5fa98944be37ce239d107100
SNYDERS OF HANOVER,0,SNYDERS OF HANOVER,5afda65de4b0c11cfecd49fb
Powerade,1,,5332fa7ee4b03c9a25efd230
Good Seasons,0,GOOD SEASONS,57ebbfafe4b0ac389136a332
test brand @1598633602279,1,TEST BRANDCODE @1598633602279,5f493682be37ce52f8314fce
Pizza Pizza Pizza,1,,57ace91ae4b057c992a316ac
Revolver,1,REVOLVER,5a5d2431e4b06ba572cf24a1
Keystone Light,0,KEYSTONE LIGHT,57e5810ce4b0ac389136a307
Our Family,1,,5332f5f2e4b03c9a25efd0ab
Fruit Roll-Ups™,1,BETTY CROCKER FRUIT ROLL UPS,5db9f9cca60b87376833e36b
test brand @1607639232356,0,TEST BRANDCODE @1607639232356,5fd2a0c0be37ce49eb72c0f4
MOMOFUKU Sauce,0,MOMOFUKU,5aa1b41de4b086c8aad5e096
POPSICLE,0,POPSICLE,592486bee410d61fcea3d136
Mug Root Beer,0,MUG Root Beer,5332f603e4b03c9a25efd0be
Tom's,0,TOMS,5afda699e4b0c11cfecd49fd
test brand @1606765579244,0,TEST BRANDCODE @1606765579244,5fc54c0bbe37ce1911dbb3b5
test brand @1597342520305,1,TEST BRANDCODE @1597342520305,5f358338be37ce443bf9d55b
PROMISE,1,PROMISE,592486bfe410d61fcea3d137
OFF THE EATEN PATH,1,OFF THE EATEN PATH,5a4d2295e4b0d5c3fd86b679
test brand @1600291350125,1,TEST BRANDCODE @1600291350125,5f628216be37ce78e6e2efaf
Honey Smacks,1,,5332f9fce4b03c9a25efd1cd
test brand @1603760319758,1,TEST BRANDCODE @1603760319758,5f9770bfbe37ce03d08a2d85
Nancy's,0,NANCY'S,57ebc293e4b0ac389136a345
test brand @1599159966676,1,,5f513e9ebe37ce21f1287c00
Stella Artois,1,,5332f7b8e4b03c9a25efd145
Campbell's Chunky Maxx,0,CAMPBELLS CHUNKY MAXX,5ab153fee4b0915382df761e
FOOD NETWORK KITCHEN INSPIRATIONS,0,FOOD NETWORK KITCHEN INSPIRATIONS,5aa1b5b9e4b05a92fc9b1631
test brand @1597935986390,1,TEST BRANDCODE @1597935986390,5f3e9172be37ce5a0e01b954
test brand @1598633693744,1,TEST BRANDCODE @1598633693744,5f4936ddbe37ce52f8314fdc
Victoria,1,,57c0829ce4b0718ff5fcb03a
SABRITAS,1,SABRITAS,5a4d244ae4b0bcb2c74ea77f
Gevalia,0,GEVALIA KAFFE,57ebbfa1e4b0ac389136a330
test brand @1598290603501,1,TEST BRANDCODE @1598290603501,5f43faabbe37ce3ef3fd3715
"O, That's Good!",0,O THAT'S GOOD,59d550f4e4b090070b009534
Chester's,1,CHESTER'S,585a9645e4b03e62d1ce0e79
Miss Vickies,1,MISS VICKIE'S,585a968ee4b03e62d1ce0e82
SIR KENSINGTON'S,1,SIR KENSINGTON'S,5d2f6b82a3a01810a2174aed
test brand @1604946244133,0,,5fa98944be37ce239d1070fe
Crispix,1,,5332f9f2e4b03c9a25efd1c8
NessAlla,1,,55a41b55e4b0d0a65b3692ef
Doritos,1,DORITOS,5887a372e4b02187f85cdad9
A.1.,1,A.1.,57ed0697e4b072ac2294b8f2
RC Cola,1,,55b630c2e4b0d8e685c1421d
Amp,1,,5332f605e4b03c9a25efd0c0
test brand @1598290603587,1,TEST BRANDCODE @1598290603587,5f43faabbe37ce3ef3fd3716
Looza Fruit Juices,1,LOOZA JUICES,5d66de49a3a018093ab3472a
Aleve®,1,ALEVE,5da605dc1dda2c3e1416ae83
Soft-Sheen Carson - Hair Color,1,SOFT-SHEEN CARSON - HAIR COLOR,5e3876bfee7f2d697e835bd3
test brand @1604946245498,0,TEST BRANDCODE @1604946245499,5fa98945be37ce239d107104
Kraft Caramels,0,,57ebc11fe4b0ac389136a33a
test brand @1598639199117,1,TEST BRANDCODE @1598639199117,5f494c5f04db711dd8fe87e5
Pull-Ups,0,PULL UPS,5bd201a990fa074576779a19
test brand @1605535020629,0,TEST BRANDCODE @1605535020629,5fb2852cbe37ce522e165cb1
Brisk Iced Tea,0,BRISK,5332f60ce4b03c9a25efd0c3
Chris Brand XYZ,1,CHRISXYZ,5a7e0604e4b0aedb3b84afd3
All-Bran,1,,5332f9f2e4b03c9a25efd1c7
Bull's Eye,0,BULL'S-EYE,57ebbd44e4b0ac389136a32d
KLONDIKE,0,KLONDIKE,592486bee410d61fcea3d12f
FRUTTARE,1,FRUTTARE,592486bee410d61fcea3d12a
AFRIN® NO DRIP PUMP MISTS,1,511111305569,5da60576a60b87376833e349
Betty Crocker,1,,5332f5f5e4b03c9a25efd0b0
Knox Gelatin,0,KNOX,580dff9fe4b0f32b2de21382
Claritin® ADULTS,1,511111505716,5da608131dda2c3e1416ae8a
Planters,0,PLANTERS,588b9f8fe4b02187f85cdada
DEGREE,0,DEGREE,592486bde410d61fcea3d127
Caleb's Kola,0,CALEB'S KOLA,5a4d23dae4b0bcb2c74ea77e
Lemon Lemon Sparkling Drinks,1,LEMON LEMON,5d66dc946d5f3b6188d4f04e
VASELINE,0,VASELINE,592486bfe410d61fcea3d140
Cooking Light Magazine,1,511111005216,5d658ff3a3a018514994f432
test brand @1607312532178,0,TEST BRANDCODE @1607312532178,5fcda494be37ce688e08b0cc
Pinesol,1,PINESOL,5ef4f667be37ce2efae842ea
Snapple,1,,55b6308ee4b0d8e685c1421a
Honest Ade,1,,5332f760e4b03c9a25efd11b
test brand @1595340086791,1,TEST BRANDCODE @1595340086791,5f16f536be37ce2b30061e29
Shape,1,511111005148,5d642dbfa3a018514994f42e
Essie,1,ESSIE,5e3875d2ee7f2d697e835bce
Pop-tarts,1,,5332f9f3e4b03c9a25efd1c9
Brand1,1,0987654321,5c45f91b87ff3552f950f027
Jell-O Refrigerated Pudding & Gelatin,0,,58861c7d4e8d0d20bc42c4d6
Diet Dr. Pepper,1,,55b630fde4b0d8e685c14223
Campbell's Well Yes!,0,CAMPBELLS WELL YES,5ab158e8e4b0915382df7622
test brand @1607312532304,0,TEST BRANDCODE @1607312532304,5fcda494be37ce688e08b0cf
test brand @1598026274643,1,TEST BRANDCODE @1598026274643,5f3ff222be37ce1c81aa1e0e
test brand @1601644881995,1,TEST BRANDCODE @1601644881995,5f772952be37ce6b592e90d2
test brand @1604437352935,0,,5fa1c568be37ce402c4618f6
Beef Steak,0,BEEF STEAK,5fb82236be37ce522e165cdf
POND'S,0,POND'S,5a02188be4b00d6a5ccb394d
L’Oreal Paris - Cosmetics,1,L’OREAL PARIS - COSMETICS,5e387617ee7f2d697e835bd0
P3,0,,57ebc2ace4b0ac389136a346
ONE A DAY® MENS,1,511111605829,5da6094ca60b87376833e357
test brand @1595340086078,1,TEST BRANDCODE @1595340086078,5f16f536be37ce2b30061e28
test brand @1602694020787,1,TEST BRANDCODE @1602694020787,5f872b84be37ce66db5dd97a
Tazo,1,,585a9726e4b03e62d1ce0e95
test brand @1601939013649,1,TEST BRANDCODE @1601939013649,5f7ba645be37ce23081c528d
Cheez-It,1,,5332f7d3e4b03c9a25efd14e
test brand @1599097546963,1,,5f504acabe37ce0b793c9418
Snack Factory,0,SNACK FACTORY,5afda3a8e4b03bf01c2a2967
Jupiler,1,,57c08294e4b0718ff5fcb039
Gardetto's,1,,5332f77ce4b03c9a25efd12a
Danimals,1,,5332f9ede4b03c9a25efd1c2
Miller 64,0,MILLER64,58861c7e4e8d0d20bc42c4e2
I CAN'T BELIEVE IT'S NOT BUTTER!,1,I CAN'T BELIEVE IT'S NOT BUTTER!,592486bee410d61fcea3d12d
ONE A DAY® ENERGY ,1,511111805786,5da608dfa60b87376833e354
test brand @1610496647142,0,TEST BRANDCODE @1610496647142,5ffe3a87be37ce7aab2d4fd9
test brand @1610496647311,0,,5ffe3a87be37ce7aab2d4fdb
test brand @1610496646289,0,TEST BRANDCODE @1610496646289,5ffe3a86be37ce7aab2d4fd7
test brand @1610562170795,0,,5fff3a7abe37ce2bb793010e
test brand @1610496646345,0,TEST BRANDCODE @1610496646345,5ffe3a86be37ce7aab2d4fd8
test brand @1610496646232,0,TEST BRANDCODE @1610496646232,5ffe3a86be37ce7aab2d4fd6
test brand @1610495466218,0,TEST BRANDCODE @1610495466218,5ffe35eabe37ce5e01754c47
test brand @1610495102462,0,TEST BRANDCODE @1610495102462,5ffe347ebe37ce5e01754c3f
test brand @1610495466250,0,TEST BRANDCODE @1610495466250,5ffe35eabe37ce5e01754c48
Miracle Whip,0,KRAFT MIRACLE WHIP,57ebc28be4b0ac389136a344
Redd's Wicked,0,,58b59989e4b0857c2ddb7255
test brand @1598042674173,1,TEST BRANDCODE @1598042674173,5f403232be37ce5f78d9ed19
test brand @1598635634796,1,TEST BRANDCODE @1598635634796,5f493e72be37ce64d0ae36c4
Sheaf Stout,1,SHEAF STOUT,5a5d257fe4b06ba572cf24a3
Cheetos,1,CHEETOS,585a963ce4b03e62d1ce0e78
Nature's Harvest,0,NATURES HARVEST,5fb82a68be37ce522e165ce6
Health Magazine,1,511111605058,5d6415d5a3a018514994f429
Fanta,1,,5332fa7ae4b03c9a25efd229
test brand @1598639198570,1,TEST BRANDCODE @1598639198570,5f494c5e04db711dd8fe87e4
test brand @1601644881253,1,,5f772951be37ce6b592e90d0
test brand @1599097538609,1,TEST BRANDCODE @1599097538609,5f504ac2be37ce0b793c9415
Scott,0,SCOTT,5bd201cc965c7d66d92731ee
test brand @1607639231674,0,TEST BRANDCODE @1607639231674,5fd2a0bfbe37ce49eb72c0f1
EPIC™,1,EPIC,5daf3507a60b87376833e35c
Grolsch Lager,0,GROLSCH,58861c7e4e8d0d20bc42c4de
test brand @1603760320407,1,TEST BRANDCODE @1603760320407,5f9770c0be37ce03d08a2d88
Magnum,1,MAGNUM,5a5e32c3e4b06ba572cf24aa
test brand @1603925787411,1,TEST BRANDCODE @1603925787411,5f99f71bbe37ce13da9eade9
test brand @1610495466861,0,TEST BRANDCODE @1610495466861,5ffe35eabe37ce5e01754c4a
test brand @1610495618015,0,,5ffe3682be37ce5e01754c55
test brand @1610495102526,0,TEST BRANDCODE @1610495102526,5ffe347ebe37ce5e01754c41
test brand @1610495102491,0,TEST BRANDCODE @1610495102491,5ffe347ebe37ce5e01754c40
test brand @1610495104441,0,,5ffe3480be37ce5e01754c44
test brand @1610495466174,0,TEST BRANDCODE @1610495466175,5ffe35eabe37ce5e01754c46
test brand @1610495481412,0,,5ffe35f9be37ce5e01754c4c
test brand @1610495103255,0,TEST BRANDCODE @1610495103255,5ffe347fbe37ce5e01754c42
test brand @1610495466285,0,TEST BRANDCODE @1610495466285,5ffe35eabe37ce5e01754c49
test brand @1610049763071,0,,5ff768e3be37ce1e961f32a0
test brand @1610049748118,0,TEST BRANDCODE @1610049748118,5ff768d4be37ce1e961f329b
test brand @1610049748181,0,TEST BRANDCODE @1610049748181,5ff768d4be37ce1e961f329d
test brand @1610049748154,0,TEST BRANDCODE @1610049748154,5ff768d4be37ce1e961f329c
test brand @1610049748724,0,TEST BRANDCODE @1610049748724,5ff768d4be37ce1e961f329e
test brand @1610053719706,0,TEST BRANDCODE @1610053719707,5ff77857be37ce58ce50083a
test brand @1607987891932,0,TEST BRANDCODE @1607987891932,5fd7f2b3be37ce733975586c
test brand @1607987891893,0,TEST BRANDCODE @1607987891893,5fd7f2b3be37ce733975586b
test brand @1607987891852,0,TEST BRANDCODE @1607987891852,5fd7f2b3be37ce733975586a
test brand @1607987896065,0,,5fd7f2b8be37ce733975586f
test brand @1607987892540,0,TEST BRANDCODE @1607987892541,5fd7f2b4be37ce733975586d
test brand @1607707829961,0,TEST BRANDCODE @1607707829962,5fd3acb6be37ce0d9386bb3f
Diet Cherry Coke,1,,5332fa7be4b03c9a25efd22b
Killians,0,KILLIAN'S,58861c7e4e8d0d20bc42c4e0
Cheerios,1,,5332f775e4b03c9a25efd127
.,1,,581ce962e4b058c71f74c443
Frosted Flakes,1,,5332fa08e4b03c9a25efd1d8
test brand @1597861700880,1,TEST BRANDCODE @1597861700880,5f3d6f44be37ce4ddbb1bb3b
test brand @1600291381675,1,,5f628235be37ce78e6e2efb1
Henry's Hard Sparkling,0,,58b5988ce4b0857c2ddb7252
test brand @1598026240846,1,,5f3ff200be37ce1c81aa1e0b
Kraft Macaroni & Cheese,0,,57ebc125e4b0ac389136a33b
Cascadian Farm,1,,5332f7c8e4b03c9a25efd148
Shake N' Bake,0,KRAFT SHAKE 'N BAKE,57ebc2c8e4b0ac389136a349
HP Sauce,0,HP,588ba032e4b02187f85cdadc
test brand @1598633573683,1,,5f493665be37ce52f8314fca
Drumstick™ Cereal,1,DRUMSTICK CEREAL,5dc0773ea60b873d6b0666ce
ALEVE® D SINUS & COLD,1,ALEVE D SINUS & COLD,5da60649a60b87376833e34b
Cheez Whiz,0,CHEEZ WHIZ,580dff84e4b0f32b2de2137f
test brand @1607463685522,0,TEST BRANDCODE @1607463685522,5fcff305be37ce6d53dfc688
Test brand1,1,,5d66961cee7f2d201c7281cc
Cool Whip,0,COOL WHIP,57d957f2e4b0ac389136a2b4
Trix™,1,TRIX,5daf59751dda2c3e1416ae99
Flintstones™ Vitamins,0,FLINTSTONES,5da60859a60b87376833e352
Absolut® Grapefruit,0,ABSOLUT® GRAPEFRUIT,5fb81935be37ce522e165cda
Altos®,0,ALTOS,5fb6d726be37ce522e165cc0
Del Maguey® Vida,0,DEL MAGUEY ,5fb800f1be37ce522e165ccb
Jameson® Black Barrel ,0,JAMESON® BLACK BARREL ,5fb80b63be37ce522e165cd1
Jameson® ,0,JAMESON,5fb808a1be37ce522e165ccf
Monkey 47®,0,MONKEY 47,5fb7e62dbe37ce522e165cc3
Malibu® Original,0,MALIBU,5fb80d7cbe37ce522e165cd2
Lillet®,0,LILLET,5fb7e962be37ce522e165cc6
Traditional Home,1,511111705161,5d642de76d5f3b23d1bc7911
Antarctica,1,AMP2,57c0827de4b0718ff5fcb037
test brand @1597861700940,1,TEST BRANDCODE @1597861700940,5f3d6f44be37ce4ddbb1bb3d
test brand @1604437351567,0,TEST BRANDCODE @1604437351567,5fa1c567be37ce402c4618f0
Fruit Flavored Snacks,1,,5332fa03e4b03c9a25efd1d5
Kelsen,0,KELSEN,5a8c3577e4b07f0a2dac8945
ONE A DAY® KIDS AND TEENS,1,511111405818,5da60932a60b87376833e356
ALEVE® DIRECT THERAPY PAIN RELIEF DEVICES,1,ALEVE DIRECT THERAPY PAIN RELIEF DEVICES,5da606581dda2c3e1416ae85
Colorado Native,1,COLORADO NATIVE,5a5d1ba9e4b0db471c2d0422
SoBe,1,SOBE,585a9714e4b03e62d1ce0e92
Knudsen,0,KNUDSEN,57ebc026e4b0ac389136a338
MiraLAX® Laxatives,1,511111105763,5da608a8a60b87376833e353
test brand @1607312508610,0,,5fcda47cbe37ce688e08b0c3
Pillsbury Magazine,1,511111005421,5d66dda06d5f3b6188d4f050
Cap'n Crunch,1,CAP'N CRUNCH,585a9637e4b03e62d1ce0e77
Mello Yello,1,,5332fa79e4b03c9a25efd226
Mrs Baird's ,0,MRS BAIRD'S,5fb82359be37ce522e165ce1
TRESEMME,0,TRESEMME,592486bfe410d61fcea3d13f
Top Care,1,,552ecca1e4b02ff29f99b215
PURE LEAF Iced Tea Beverages,0,PURE LEAF Iced Tea Beverages,5a5e3615e4b06ba572cf24ab
ONE A DAY® KIDS,1,ONE A DAY KIDS,5e5ff1f7ee7f2d0b35b2a18e
Lay's Kettle Cooked,1,,585a967fe4b03e62d1ce0e80
test brand @1599159968998,1,TEST BRANDCODE @1599159968998,5f513ea1be37ce21f1287c02
LIFEWTR,0,LIFEWTR,5d66dd526d5f3b6188d4f04f
Eating Well Magazine,1,511111804994,5d6412f86d5f3b23d1bc7909
Sierra Mist,1,,5332f608e4b03c9a25efd0c1
SIMILAC,1,SIMILAC,5c49d161f0276e7719673719
Coricidin® HBP,0,CORICIDIN HBP,5da60843a60b87376833e351
test brand @1601939016290,1,TEST BRANDCODE @1601939016290,5f7ba648be37ce23081c528e
Badedas,1,BADEDAS,5a5d29fde4b0db471c2d0433
Shurfine,1,,54594387e4b0bfcb1e864083
Pepsi Diet,0,,585a96d2e4b03e62d1ce0e89
Apple Jacks/Cinnamon Jacks,1,,5332f9fee4b03c9a25efd1d0
Diet Coke,1,,5332fa73e4b03c9a25efd21c
test brand @1604946244876,0,TEST BRANDCODE @1604946244876,5fa98944be37ce239d107103
Shock Top,1,,5332f7afe4b03c9a25efd13d
Benihana Frozen Entrees,1,BENIHANA,5d540e65a3a018514994f41f
Mountain High™,1,MOUNTAIN HIGH,5daf46261dda2c3e1416ae96
Tostitos,1,TOSTITOS,585a972de4b03e62d1ce0e96
test brand @1603760319788,1,TEST BRANDCODE @1603760319788,5f9770bfbe37ce03d08a2d86
Kraft BBQ Sauce,0,,580e015be4b0f32b2de21385
Gerber Baby Food,1,GERBER BABY FOOD,5f5900d4be37ce21f1287c11
Pace,0,PACE,5a8c33f3e4b07f0a2dac8943
Campbell's Slow Kettle,0,CAMPBELLS SLOW KETTLE ,5ab1589ae4b0915382df7621
Archway,0,ARCHWAY,5afda22ee4b03bf01c2a2965
Kraft Salad Dressing,0,,588b9ff4e4b02187f85cdadb
Bayer® Aspirin,0,BAYER® ASPIRIN,5ec2dde7be37ce5234ec36bb
test brand @1610055793449,0,TEST BRANDCODE @1610055793449,5ff78071be37ce6a424ca0e9
test brand @1610055793411,0,TEST BRANDCODE @1610055793411,5ff78071be37ce6a424ca0e8
test brand @1610055793500,0,TEST BRANDCODE @1610055793500,5ff78071be37ce6a424ca0ea
test brand @1610055794196,0,TEST BRANDCODE @1610055794196,5ff78072be37ce6a424ca0ec
test brand @1610055793537,0,TEST BRANDCODE @1610055793537,5ff78071be37ce6a424ca0eb
test brand @1610058181548,0,TEST BRANDCODE @1610058181549,5ff789c5be37ce786ba0f6a3
test brand @1610053719944,0,TEST BRANDCODE @1610053719944,5ff77857be37ce58ce50083c
test brand @1610053719998,0,TEST BRANDCODE @1610053719998,5ff77858be37ce58ce50083d
test brand @1610055792794,0,,5ff78070be37ce6a424ca0e6
test brand @1610053719869,0,TEST BRANDCODE @1610053719869,5ff77857be37ce58ce50083b
test brand @1610053721248,0,,5ff77859be37ce58ce500840
test brand @1610053721033,0,TEST BRANDCODE @1610053721033,5ff77859be37ce58ce50083e
Depend,0,DEPEND,5bd200c690fa074576779a16
test brand @1608313322283,0,TEST BRANDCODE @1608313322283,5fdce9eabe37ce5fa8ba59db
test brand @1608313321374,0,TEST BRANDCODE @1608313321374,5fdce9e9be37ce5fa8ba59da
test brand @1608313321191,0,TEST BRANDCODE @1608313321191,5fdce9e9be37ce5fa8ba59d7
test brand @1608313321301,0,TEST BRANDCODE @1608313321301,5fdce9e9be37ce5fa8ba59d9
test brand @1608313321222,0,TEST BRANDCODE @1608313321222,5fdce9e9be37ce5fa8ba59d8
Nature Valley™,1,NATURE VALLEY,5daf35a8a60b87376833e35d
test brand @1598633693767,1,TEST BRANDCODE @1598633693767,5f4936ddbe37ce52f8314fdd
test brand @1598633693791,1,TEST BRANDCODE @1598633693791,5f4936ddbe37ce52f8314fde
Anzio ,0,ANZIO,5fb6b82dbe37ce522e165cbc
Family Circle,1,511111705000,5d641306a3a018514994f427
Diet Rite,1,,55b630f5e4b0d8e685c14222
Hershey's Whipped Topping,1,HERSHEY'S WHIPPED TOPPING,5db780a6a60b87376833e369
test brand @1598633693720,1,TEST BRANDCODE @1598633693720,5f4936ddbe37ce52f8314fdb
Eggo,1,,5332f5f2e4b03c9a25efd0a9
test brand @1605535020671,0,TEST BRANDCODE @1605535020671,5fb2852cbe37ce522e165cb2
IMPERIAL,1,IMPERIAL,592486bee410d61fcea3d12e
Modelo Especial,1,,57c082a6e4b0718ff5fcb03b
ALEVE® PM NIGHT TIME,1,ALEVE PM NIGHT TIME,5da606ae1dda2c3e1416ae86
test brand @1603925787294,1,TEST BRANDCODE @1603925787294,5f99f71bbe37ce13da9eade7
ApotheCARE Essentials,0,APOTHECARE ESSENTIALS,5a8c5e74e4b07f0a2dac8947
Henry's Hard Soda,0,HENRY WEINHARD'S,57e5817ae4b0ac389136a30c
Campbell's Chunky,0,CAMPBELLS CHUNKY ,5ab15392e4b0915382df761d
ONE A DAY® WOMENS,1,ONE A DAY® WOMENS,5e5ff265ee7f2d0b35b2a18f
test brand @1595340085980,1,TEST BRANDCODE @1595340085980,5f16f536be37ce2b30061e25
Town House,1,,5332fb83e4b03c9a25efd24a
Kingsford Charcoal,1,KINGSFORD,5ef38672be37ce02da95b72f
Yoplait® Go-GURT®,1,YOPLAIT GO-GURT,5daf6baaa60b87376833e364
FRITO-LAY,1,FRITO-LAY,5a4d1f06e4b0d5c3fd86b678
Grey Poupon,0,GREY POUPON,57ebc003e4b0ac389136a333
test brand @1598296704763,1,TEST BRANDCODE @1598296704763,5f441280be37ce5dbe9b7c80
Berroca®,1,BERROCA®,5ec2dda8be37ce5234ec36ba
Propel,0,PROPEL,58861c7f4e8d0d20bc42c4f9
Milwaukee's Best Ice,0,MILWAUKEE'S BEST,58b59a68e4b0857c2ddb7257
NOS,1,,5332f753e4b03c9a25efd10f
SPITZ,1,SPITZ,5a4d250ce4b0d5c3fd86b67b
IMAGINE,1,IMAGINE,5d9d0270a60b87376833e347
BETTER HOMES AND GARDENS Special Edition Magazine - Food ,1,,5d658fd1a3a018514994f431
test brand @1597342520969,1,TEST BRANDCODE @1597342520969,5f358338be37ce443bf9d55c
Steel Reserve Alloy Series,0,,58b599fee4b0857c2ddb7256
Tusk & Grain,1,TUSK & GRAIN,5a5d278de4b0db471c2d042f
Redd's Apple Ale,0,REDD'S ALE,5332f7eee4b03c9a25efd15e
Lance,0,LANCE,5afda18ee4b0c11cfecd49f5
Pacific Foods,0,PACIFIC FOODS,5a8c363ce4b0ccf165fac9e7
Yoplait® Dunkers,1,YOPLAIT DUNKERS,5dd557081dda2c1971449a7a
Fiber One,1,,5332f774e4b03c9a25efd126
test brand @1598554813705,1,TEST BRANDCODE @1598554813705,5f4802bdbe37ce0c8303373f
LIPTON Soup,0,LIPTON Soup,5a021703e4b00efe02b02a58
Minions™ Cereal,1,MINIONS CEREAL,5dc2da1fa60b873d6b0666d3
LOVE HOME AND PLANET,1,LOVE HOME AND PLANET,5d2f69a6a3a01810a2174aec
test brand @1595968943012,1,TEST BRANDCODE @1595968943012,5f208dafbe37ce7958c59522
OneTouch®,1,ONETOUCH,5f2336cfbe37ce7958c5952c
test brand @1597935986247,1,TEST BRANDCODE @1597935986248,5f3e9172be37ce5a0e01b953
Kraft,0,KRAFT,55a41b88e4b0d0a65b3692f0
Basic 4™,1,BASIC 4,5daf70071dda2c3e1416ae9e
Wolfgang Puck,0,WOLFGANG PUCK,5a8c31bfe4b0ccf165fac9e4
test brand @1601659120828,1,TEST BRANDCODE @1601659120828,5f7760f0be37ce1d26d7b7a5
test brand @1603925787441,1,TEST BRANDCODE @1603925787441,5f99f71bbe37ce13da9eadea
The Soulfull Project,1,THE SOULFUL PROJECT,5a8c378ce4b07f0a2dac8946
test brand @1598633602924,1,TEST BRANDCODE @1598633602924,5f493682be37ce52f8314fd0
Dream Whip,0,DREAM WHIP,580dff97e4b0f32b2de21381
test brand @1597527951461,1,TEST BRANDCODE @1597527951461,5f38578fbe37ce5178517ad7
test brand @1607639231623,0,TEST BRANDCODE @1607639231623,5fd2a0bfbe37ce49eb72c0f0
Brew Pub,1,,5332fa6be4b03c9a25efd217
Kjeldsen,0,KJELDSEN,5a8f64c6e4b0a2e2844f5695
test brand @1598635435896,1,TEST BRANDCODE @1598635435896,5f493dabbe37ce64d0ae36bd
Kraft Cheese,0,,57ebc134e4b0ac389136a33d
test brand @1599849713772,1,TEST BRANDCODE @1599849713773,5f5bc4f1be37ce17125ac0ea
test brand @1607636369405,0,TEST BRANDCODE @1607636369405,5fd29591be37ce38bbbefb2a
test brand @1601644363827,1,TEST BRANDCODE @1601644363827,5f77274bbe37ce6b592e90bc
Pepperidge Farm,0,PEPPERIDGE FARM,5a8c35dde4b0ccf165fac9e6
Honest Tea,1,,5332f760e4b03c9a25efd11a
test brand @1598554834882,1,,5f4802d2be37ce0c83033743
test brand @1611088503689,0,TEST BRANDCODE @1611088503689,60074277be37ce360be639ff
Pringles,1,,5332f9f0e4b03c9a25efd1c3
test brand @1605535020580,0,TEST BRANDCODE @1605535020580,5fb2852cbe37ce522e165cb0
Miller High Life,0,MILLER HIGH LIFE,58861c7e4e8d0d20bc42c4e3
Quaker,0,QUAKER,585b0b23e4b03e62d1ce0e99
All Natural,1,,5332f7ffe4b03c9a25efd16a
Claritin® KIDS,1,511111705727,5da608291dda2c3e1416ae8b
Athenos,0,ATHENOS,57d848efe4b0ac389136a2aa
test brand @1599159969028,1,TEST BRANDCODE @1599159969028,5f513ea1be37ce21f1287c03
test brand @1597350074404,1,TEST BRANDCODE @1597350074404,5f35a0babe37ce6853cff201
Sedal,1,SEDAL,5a5d2c1fe4b06ba572cf24a8
Red Rock Deli Chips,0,RED ROCK DELI,5d603537a3a018514994f424
ALKA SELTZER PLUS® SINUS CAP/ GEL/ TAB,1,ALKA SELTZER PLUS SINUS CAP/ GEL/ TAB,5da607a9a60b87376833e34f
test brand @1598633602253,1,TEST BRANDCODE @1598633602253,5f493682be37ce52f8314fcd
Smartfood,1,SMARTFOOD,585a970ee4b03e62d1ce0e91
test brand @1598042673532,1,TEST BRANDCODE @1598042673532,5f403231be37ce5f78d9ed18
test brand @1601939762881,1,TEST BRANDCODE @1601939762881,5f7ba932be37ce2f290fb252
Oscar Mayer,0,OSCAR MAYER,58863e1ee4b02187f85cdace
Lech,1,LECH PREMIUM,5a5d234be4b06ba572cf249f
Real Simple,1,511111805137,5d642d946d5f3b23d1bc7910
Heiners,0,HEINERS,5fb8292abe37ce522e165ce3
Parents,1,PARENTS,5d6419346d5f3b23d1bc790e
Smart Start,1,,5332fa0ae4b03c9a25efd1dd
The Pioneer Woman,1,PIONEER WOMAN,5ccb2ece166eb31bbbadccbe
test brand @1611088504474,0,TEST BRANDCODE @1611088504474,60074278be37ce360be63a03
People en Espanol,1,511111605102,5d6419746d5f3b23d1bc790f
Hop Valley,1,HOP VALLEY,5a5d1fbfe4b0db471c2d0428
test brand @1597861700914,1,TEST BRANDCODE @1597861700914,5f3d6f44be37ce4ddbb1bb3c
Yuban Coffee,0,YUBAN,580dffade4b0f32b2de21384
People Magazine,1,511111105114,5d6423ffa3a018514994f42c
test brand @1603760319682,1,TEST BRANDCODE @1603760319682,5f9770bfbe37ce03d08a2d84
test brand @1598716509394,1,TEST BRANDCODE @1598716509394,5f4a7a5dbe37ce2d95e65ca3
test brand @1597342541226,1,,5f35834dbe37ce443bf9d565
TIGI,0,TIGI,592486bfe410d61fcea3d13d
Autumn's Gold™,1,AUTUMN'S GOLD,5daf3365a60b87376833e35b
Brooke Bond,1,BROOKE BOND,5a5d2a86e4b06ba572cf24a6
Food & Wine Magazine,1,511111105046,5d6415c66d5f3b23d1bc790c
Quilmes,1,,57c08285e4b0718ff5fcb038
test brand @1595968943049,1,TEST BRANDCODE @1595968943049,5f208dafbe37ce7958c59523
Test FRS-920 again1,1,AMPTEST,5c9a975495144c182bbc7270
Coors Light,0,COORS,5332f709e4b03c9a25efd0f0
BOLT24,1,BOLT 24,5dc1aaf51dda2c0ad7da64ad
Mist Twst,0,MIST TWST,58861c7f4e8d0d20bc42c4f8
test brand @1608136484526,0,TEST BRANDCODE @1608136484526,5fda3724be37ce09e3515970
test brand @1608136485398,0,TEST BRANDCODE @1608136485398,5fda3725be37ce09e3515974
test brand @1608136484574,0,TEST BRANDCODE @1608136484574,5fda3724be37ce09e3515971
Sargento® Cheese,0,SARGENTO,5fd28f0cbe37ce6d53dfc692
test brand @1608136484633,0,TEST BRANDCODE @1608136484633,5fda3724be37ce09e3515972
test brand @1608136484689,0,TEST BRANDCODE @1608136484689,5fda3724be37ce09e3515973
test brand @1610038527809,0,,5ff73cffbe37ce1e961f325d
test brand @1610038521565,0,TEST BRANDCODE @1610038521565,5ff73cf9be37ce1e961f3258
test brand @1610038521677,0,TEST BRANDCODE @1610038521677,5ff73cf9be37ce1e961f325a
test brand @1610039587818,0,,5ff74123be37ce1e961f3266
test brand @1610038521624,0,TEST BRANDCODE @1610038521624,5ff73cf9be37ce1e961f3259
test brand @1610038522559,0,TEST BRANDCODE @1610038522559,5ff73cfabe37ce1e961f325b
test brand @1610040576117,0,TEST BRANDCODE @1610040576117,5ff74500be37ce1e961f3279
test brand @1610040576672,0,TEST BRANDCODE @1610040576672,5ff74500be37ce1e961f327b
test brand @1610046686560,0,,5ff75cdebe37ce1e961f328b
test brand @1610040576088,0,TEST BRANDCODE @1610040576088,5ff74500be37ce1e961f3278
test brand @1610040576148,0,TEST BRANDCODE @1610040576148,5ff74500be37ce1e961f327a
test brand @1610040576053,0,TEST BRANDCODE @1610040576053,5ff74500be37ce1e961f3277
Alka-Seltzer Plus®,0,ALKA SELTZER PLUS,5da60785a60b87376833e34e
test brand @1610653897113,0,TEST BRANDCODE @1610653897113,6000a0c9be37ce2bb7930121
test brand @1610653894519,0,TEST BRANDCODE @1610653894519,6000a0c6be37ce2bb793011f
test brand @1610660035659,0,TEST BRANDCODE @1610660035659,6000b8c3be37ce321363c6c0
test brand @1610653894662,0,TEST BRANDCODE @1610653894662,6000a0c6be37ce2bb7930120
test brand @1610653939508,0,,6000a0f3be37ce2bb793012a
test brand @1610653894371,0,TEST BRANDCODE @1610653894371,6000a0c6be37ce2bb793011e
test brand @1601659122798,1,TEST BRANDCODE @1601659122798,5f7760f2be37ce1d26d7b7a7
Michelob Ultra,1,,5332f7ace4b03c9a25efd13a
Cocoa Puffs™,1,COCOA PUFFS,5daf5d1aa60b87376833e361
test brand @1601659120793,1,TEST BRANDCODE @1601659120793,5f7760f0be37ce1d26d7b7a4
Jay's,0,JAYS,5afda26ce4b0c11cfecd49f8
KNORR,0,KNORR,592486bee410d61fcea3d130
Crunchy Nut,1,,57c0812de4b0718ff5fcb02e
Cristal,1,CRISTAL,5a5d1c62e4b0db471c2d0424
test brand @1607312532874,0,TEST BRANDCODE @1607312532874,5fcda494be37ce688e08b0d0
Boca,0,BOCA,57ebbcc2e4b0ac389136a32c
alexa,1,ALEXA,5c409ab4cd244a3539b84162
KIX™,1,KIX,5daf54ec1dda2c3e1416ae98
test brand @1595531348245,1,TEST BRANDCODE @1595531348246,5f19e054be37ce33f74a166f
Allrecipes Special Edition Magazine,1,,5d658fc0a3a018514994f430
Grandma's,1,GRANDMA'S,585a966be4b03e62d1ce0e7e
test brand @1602694015177,1,TEST BRANDCODE @1602694015178,5f872b7fbe37ce66db5dd976
Sharp's,1,SHARP'S NEAR BEER,5a5d24c2e4b0db471c2d042b
Good Earth,1,,5332f7e0e4b03c9a25efd151
Baileys Coffee Products,1,BAILEYS,5db77d891dda2c3e1416ae9f
FINISH®,1,FINISH,5f21c852be37ce7958c59529
V8 Hydrate,1,,5bcdfc5a965c7d66d92731e9
test brand @1598639197925,1,TEST BRANDCODE @1598639197926,5f494c5e04db711dd8fe87e3
test brand @1602694015743,1,TEST BRANDCODE @1602694015743,5f872b7fbe37ce66db5dd978
Jell-O,0,JELL-O,57ebc017e4b0ac389136a336
test brand @1601644364536,1,TEST BRANDCODE @1601644364536,5f77274cbe37ce6b592e90be
test brand @1603925787997,1,TEST BRANDCODE @1603925787997,5f99f71bbe37ce13da9eadeb
Goldfish,0,GOLDFISH,5ab15207e4b0be0a89bb0b04
Coca-Cola,1,,5332f5f6e4b03c9a25efd0b2
test brand @1598633602304,1,TEST BRANDCODE @1598633602304,5f493682be37ce52f8314fcf
test brand @1601659120693,1,TEST BRANDCODE @1601659120694,5f7760f0be37ce1d26d7b7a3
Quaker Rice Cakes,0,,58861c7f4e8d0d20bc42c500
Cape Line,1,CAPE LINE,5cc725bd166eb31bbbadccbd
test brand @1597935987233,1,TEST BRANDCODE @1597935987233,5f3e9173be37ce5a0e01b957
Near East,1,NEAR EAST,585a96b3e4b03e62d1ce0e85
Peace Tea,1,,5332f6f4e4b03c9a25efd0ed
Southern Living,1,511111505150,5d642dd1a3a018514994f42f
Light & Fit,1,,5332f802e4b03c9a25efd16d
Clorox,1,CLOROX,5ef3860fbe37ce02da95b72e
Mountain Dew Diet,0,,585a9698e4b03e62d1ce0e83
May-Bud,0,MAY-BUD,5a5e36d6e4b06ba572cf24ac
test brand @1599849713798,1,TEST BRANDCODE @1599849713798,5f5bc4f1be37ce17125ac0eb
Gatorade,0,GATORADE,55bf8c6ce4b0d8e685c1489d
test brand @1597342520131,1,TEST BRANDCODE @1597342520132,5f358338be37ce443bf9d558
Garden Fresh Gourmet,0,GARDEN FRESH GOURMET,5a8c3140e4b07f0a2dac8941
AUNT JEMIMA Dry Breakfast Mixes,0,AUNT JEMIMA DRY BREAKFAST MIXES,5a5d17ede4b06ba572cf2498
Olde English,1,OLDE ENGLISH,5a5d23f1e4b06ba572cf24a0
test brand @1600291349255,1,TEST BRANDCODE @1600291349255,5f628215be37ce78e6e2efad
Matador Snacks,1,MATADOR,58861c7e4e8d0d20bc42c4f6
DiGiorno Cheese,1,,580dff8fe4b0f32b2de21380
Country Home Magazine,1,511111305286,5d66d516a3a018093ab34725
Reese's® Puffs,1,REESE'S PUFFS,5daf4f9ca60b87376833e360
Golden Grahams™,1,GOLDEN GRAHAMS,5daf6e31a60b87376833e365
Bacardi,1,,5332f7ace4b03c9a25efd13b
test brand @1598026274692,1,TEST BRANDCODE @1598026274692,5f3ff222be37ce1c81aa1e10
LIFE Special Edition Magazine ,1,511111805342,5d66d8c86d5f3b6188d4f049
test brand @1607463705032,0,,5fcff319be37ce6d53dfc691
Sprite,1,,5332fa74e4b03c9a25efd21e
test brand @1598554813744,1,TEST BRANDCODE @1598554813744,5f4802bdbe37ce0c83033740
Rice A Roni,1,RICE-A-RONI,585a96e9e4b03e62d1ce0e8b
Murray,1,,5332f756e4b03c9a25efd113
STELLA D'ORO,0,STELLA DORO,5afda67de4b0c11cfecd49fc
test brand @1598813526686,1,TEST BRANDCODE @1598813526686,5f4bf556be37ce0b4491554c
test brand @1604437351678,0,TEST BRANDCODE @1604437351678,5fa1c567be37ce402c4618f3
Campbell's Ready Meals,0,CAMPBELLS READY MEALS,5ab15669e4b0be0a89bb0b08
Kickstart,1,,5332f612e4b03c9a25efd0c4
RESOLVE®,1,RESOLVE,5f21ca86be37ce7958c5952b
Coors Banquet,0,,57e580e8e4b0ac389136a304
Maui Style Chips,1,MAUI STYLE,58861c7e4e8d0d20bc42c4f7
Powerade Zero,1,,5332fa84e4b03c9a25efd232
CULTURE REPUBLICK ,1,CULTURE REPUBLICK ,5d2f3eada3a01810a2174aeb
Wheaties™,1,WHEATIES,5daf63151dda2c3e1416ae9b
test brand @1601644882062,1,TEST BRANDCODE @1601644882062,5f772952be37ce6b592e90d5
Quaker Life,0,,55bf8c15e4b0d8e685c1489c
test brand @1601939013444,1,TEST BRANDCODE @1601939013444,5f7ba645be37ce23081c528c
AFRIN® ORIGINAL NASAL SPRAY,1,511111805571,5da605bea60b87376833e34a
test brand @1598635634821,1,TEST BRANDCODE @1598635634821,5f493e72be37ce64d0ae36c5
test brand @1607707830844,0,TEST BRANDCODE @1607707830844,5fd3acb6be37ce0d9386bb43
Zima,1,ZIMA,5952a596e4b08f39def64d03
test brand @1598026274609,1,TEST BRANDCODE @1598026274609,5f3ff222be37ce1c81aa1e0d
CHESTER'S,1,CHESTERS,5d6027f46d5f3b23d1bc7906
test brand @1601644363784,1,TEST BRANDCODE @1601644363784,5f77274bbe37ce6b592e90bb
Cape Cod,0,CAPE COD,5afda1dae4b0c11cfecd49f6
COUNTRY CROCK PLANT BUTTER,1,COUNTRY CROCK PLANT BUTTER,5e710dbeee7f2d0b35b2a192
National Geographic Special Edition Magazine ,1,511111205388,5d66dad8a3a018093ab34729
Chocolate Lucky Charms™,1,CHOCOLATE LUCKY CHARMS,5daf5f65a60b87376833e363
test brand @1598554813534,1,TEST BRANDCODE @1598554813535,5f4802bdbe37ce0c8303373d
test brand @1610494849657,0,,5ffe3381be37ce5e01754c35
test brand @1610493496975,0,TEST BRANDCODE @1610493496975,5ffe2e38be37ce5e01754c23
test brand @1610495102410,0,TEST BRANDCODE @1610495102411,5ffe347ebe37ce5e01754c3e
test brand @1610494831056,0,TEST BRANDCODE @1610494831056,5ffe336fbe37ce5e01754c31
test brand @1610494831082,0,TEST BRANDCODE @1610494831082,5ffe336fbe37ce5e01754c32
test brand @1610494831023,0,TEST BRANDCODE @1610494831023,5ffe336fbe37ce5e01754c30
test brand @1610493497005,0,TEST BRANDCODE @1610493497005,5ffe2e39be37ce5e01754c24
test brand @1610493497517,0,TEST BRANDCODE @1610493497517,5ffe2e39be37ce5e01754c26
test brand @1610493497034,0,TEST BRANDCODE @1610493497034,5ffe2e39be37ce5e01754c25
test brand @1610494830985,0,TEST BRANDCODE @1610494830985,5ffe336fbe37ce5e01754c2f
test brand @1610494831583,0,TEST BRANDCODE @1610494831583,5ffe336fbe37ce5e01754c33
test brand @1608313051339,0,TEST BRANDCODE @1608313051339,5fdce8dbbe37ce5fa8ba59c2
test brand @1608313051291,0,TEST BRANDCODE @1608313051291,5fdce8dbbe37ce5fa8ba59c1
test brand @1608313052049,0,TEST BRANDCODE @1608313052049,5fdce8dcbe37ce5fa8ba59c3
test brand @1608313290565,0,,5fdce9cabe37ce5fa8ba59ce
test brand @1608313069400,0,,5fdce8edbe37ce5fa8ba59cc
test brand @1608313051132,0,TEST BRANDCODE @1608313051133,5fdce8dbbe37ce5fa8ba59bf
test brand @1608313051244,0,TEST BRANDCODE @1608313051244,5fdce8dbbe37ce5fa8ba59c0
Ball Park,0,BALL PARK,5fb8216ebe37ce522e165cdd
Glaceau fruitwater,1,,5332f765e4b03c9a25efd120
test brand @1598290603618,1,TEST BRANDCODE @1598290603618,5f43faabbe37ce3ef3fd3717
Hidden Barrel Collection,1,HIDDEL BARREL COLLECTION,5a5d1f46e4b0db471c2d0427
Launch Box,1,LAUNCH BOX,5db9e8db1dda2c3e1416aea1
Poppers,0,,57ebc2bde4b0ac389136a348
SIMPLE,0,SIMPLE,5a02196ce4b00efe02b02a5a
Salon Selectives,1,SALON SELECTIVES,5a5d2bcbe4b0db471c2d0435
Cracker Barrel Cheese,0,CRACKER BARREL,57d9580ee4b0ac389136a2b6
Huggies Little Swimmers,0,HUGGIES LITTLE SWIMMERS,5c112616315a241ba1716511
test brand @1598042673502,1,TEST BRANDCODE @1598042673502,5f403231be37ce5f78d9ed17
test brand @1607707830173,0,TEST BRANDCODE @1607707830173,5fd3acb6be37ce0d9386bb42
Blasted Shreds™,1,SHREDS,5db20be5a60b87376833e366
Baken-Ets,1,BAKEN ETS,5d9d08d1a60b87376833e348
Honey Nut Cheerios™,1,HONEY NUT CHEERIOS,5daf54491dda2c3e1416ae97
Johnsonville,1,,5332f734e4b03c9a25efd103
Tombstone,1,,53501d29b9237fd7718f9e15
Chex,1,,5332f775e4b03c9a25efd128
test brand @1597527918397,1,,5f38576ebe37ce5178517acb
DASH-2249 1 brand 1,1,DASH-2249 1 BRAND 1,5c76dd4d95144c5375687b52
Cracker Jack,1,CRACKER JACK,585a964ce4b03e62d1ce0e7a
Gerber Good Start,1,GERBER GOOD START,5f59002dbe37ce21f1287c10
test brand @1598554813654,1,TEST BRANDCODE @1598554813654,5f4802bdbe37ce0c8303373e
test brand @1598635436505,1,TEST BRANDCODE @1598635436505,5f493dacbe37ce64d0ae36bf
test brand @1597527951436,1,TEST BRANDCODE @1597527951436,5f38578fbe37ce5178517ad6
Fresca,1,,5332fa7be4b03c9a25efd22c
Better Homes & Gardens Magazine,1,BETTER HOMES & GARDENS,5d6412e9a3a018514994f426
Bud Light Platinum,1,,5332f7b4e4b03c9a25efd140
Bimbo,0,BIMBO,5fb821d1be37ce522e165cde
Fetch Rewards,1,,5457a0cde4b05a46170caebc
Leinenkugel's,0,LEINENKUGEL'S,5332f7f5e4b03c9a25efd163
Nestle NAN,1,NESTLE NAN,5f590184be37ce21f1287c12
test brand @1598042673466,1,TEST BRANDCODE @1598042673466,5f403231be37ce5f78d9ed16
Jet-Puffed,0,JET-PUFFED,57ebc01fe4b0ac389136a337
test brand @1601644882548,1,TEST BRANDCODE @1601644882548,5f772952be37ce6b592e90d6
Health Magazine,1,HEALTH,5f298852be37ce7958c5952d
Kraft Singles,0,,57ebc144e4b0ac389136a33f
test brand @1601644882019,1,TEST BRANDCODE @1601644882019,5f772952be37ce6b592e90d3
Diet Coke Lime,1,,5332fa7ce4b03c9a25efd22d
test brand @1601644363876,1,TEST BRANDCODE @1601644363876,5f77274bbe37ce6b592e90bd
test brand @1595531362667,1,,5f19e062be37ce33f74a1675
Rolling Stone Special Collectors Edition Magazine,1,511111705444,5d66def56d5f3b6188d4f051
MUNCHIES,1,MUNCHIES,5a5d1a67e4b06ba572cf2499
ONE A DAY® 50+,1,511111605775,5da608c91dda2c3e1416ae8d
test brand @1607463684816,0,TEST BRANDCODE @1607463684816,5fcff304be37ce6d53dfc687
test brand @1598633694347,1,TEST BRANDCODE @1598633694347,5f4936debe37ce52f8314fdf
test brand @1598296704638,1,TEST BRANDCODE @1598296704639,5f441280be37ce5dbe9b7c7e
Annie's Homegrown,1,ANNIE'S,5daf329ca60b87376833e35a
test brand @1598881562991,1,TEST BRANDCODE @1598881562991,5f4cff1ba475f1050a66b568
test brand @1598813526656,1,TEST BRANDCODE @1598813526656,5f4bf556be37ce0b4491554b
Midol® ,1,MIDOL,5db6fb28a60b87376833e367
test brand @1597861699811,1,,5f3d6f43be37ce4ddbb1bb39
Twisted Ranch,1,TWISTED RANCH,5cdacf1c166eb33eb7ce0fa9
Jacks,1,,53501d29b9237fd7718f9e17
Emerald,0,EMERALD,5afda00ce4b0c11cfecd49f4
test brand @1598881562499,1,TEST BRANDCODE @1598881562500,5f4cff1aa475f1050a66b567
Froot Loops,1,,5332f9fde4b03c9a25efd1cf
test brand @1598711015538,1,TEST BRANDCODE @1598711015538,5f4a64e7be37ce17d23b317b
Hershey's Hot Cocoa Mix,1,HERSHEYS HOT COCOA,5db77f7aa60b87376833e368
PG TIPS,1,PG TIPS,592486bee410d61fcea3d135
Quaker Puffed,0,,58861c7f4e8d0d20bc42c4fd
MUNCHOS,1,MUNCHOS,5a5d1a8ce4b0db471c2d0420
Lunchables,0,LUNCHABLES,57ebc15fe4b0ac389136a342
Nutri-Grain,1,,5332f9fce4b03c9a25efd1cc
Leffe,1,,57c08250e4b0718ff5fcb033
WOOLITE®,1,WOOLITE,5f21c99dbe37ce7958c5952a
Travel and Leisure Magazine,1,511111104971,5d6412d36d5f3b23d1bc7908
Huggies,0,HUGGIES,5bd2011f90fa074576779a17
test brand @1598711015353,1,TEST BRANDCODE @1598711015353,5f4a64e7be37ce17d23b3179
Sprite Zero,1,,5332fa7de4b03c9a25efd22f
test brand @1605535021531,0,TEST BRANDCODE @1605535021531,5fb2852dbe37ce522e165cb3
Bisca,0,BISCA,5a8c2e5ee4b0ccf165fac9e1
test brand @1598881563900,1,TEST BRANDCODE @1598881563900,5f4cff1ca475f1050a66b56a
test brand @1601939762909,1,TEST BRANDCODE @1601939762909,5f7ba932be37ce2f290fb253
Peroni Italy,0,PERONI,58861c7e4e8d0d20bc42c4e9
test brand @1598554814581,1,TEST BRANDCODE @1598554814581,5f4802bebe37ce0c83033741
Orv's,1,,5332fa67e4b03c9a25efd216
RPs,1,,55a41a9de4b0d0a65b3692ed
test brand @1607463684722,0,TEST BRANDCODE @1607463684722,5fcff304be37ce6d53dfc685
Fruit Gushers™,1,BETTY CROCKER GUSHERS,5db9f8c5a60b87376833e36a
Bugles,1,,5332f789e4b03c9a25efd12c
test brand @1597861701615,1,TEST BRANDCODE @1597861701615,5f3d6f45be37ce4ddbb1bb3f
Glaceau vitaminwater zero,1,,5332f762e4b03c9a25efd11e
test brand @1595340050104,1,,5f16f512be37ce2b30061e1e
Lucky Charms®,0,LUCKY CHARMS,5daf2baea60b87376833e359
Back to Nature Meals,0,BACK TO NATURE DINNERS,57d95741e4b0ac389136a2b1
Budweiser Select 55,1,,5332f7b2e4b03c9a25efd13f
test brand @1597350074366,1,TEST BRANDCODE @1597350074366,5f35a0babe37ce6853cff200
Cedar Crest,1,,537b7ec2892471241348d70a
test brand @1606765578747,0,TEST BRANDCODE @1606765578747,5fc54c0abe37ce1911dbb3b3
Rachael Ray Everyday,1,511111305125,5d642d65a3a018514994f42d
Grandma Sycamore,0,GRANDMA SYCAMORE,5fb829c0be37ce522e165ce4
Mermaid Cereal,1,MERMAID CEREAL,5dc2db051dda2c0ad7da64b0
test brand @1597350074236,1,TEST BRANDCODE @1597350074237,5f35a0babe37ce6853cff1fe
Aquafina,0,AQUAFINA,5332f5fde4b03c9a25efd0bc
SoBe Drinks,1, SOBE,5d66e20b6d5f3b6188d4f055
Rice Krispies,1,,5332f9f4e4b03c9a25efd1ca
Kitchen and Baths,1,511111905240,5d6594a2a3a018514994f434
test brand @1599849713825,1,TEST BRANDCODE @1599849713825,5f5bc4f1be37ce17125ac0ec
Sunkist,1,,55b630d3e4b0d8e685c1421e
Campbell's Dinner Sauces,0,CAMPBELLS DINNER SAUCES ,5ab154eae4b0915382df7620
Squirt,1,,55b630ece4b0d8e685c14221
Wild Style Sauce,1,WILD STYLE,5cdad1daca6a4c76f3f8c515
DOVE,0,DOVE BODY,592486bee410d61fcea3d128
test brand @1601939012949,1,TEST BRANDCODE @1601939012950,5f7ba645be37ce23081c528a
test brand @1597342520238,1,TEST BRANDCODE @1597342520238,5f358338be37ce443bf9d559
test brand @1598639353768,1,,5f494cf904db711dd8fe87f0
Smart Ones,0,WEIGHT WATCHERS SMART ONES,57d96124e4b0ac389136a2b9
ALEVE® LIQUID GELS,1,ALEVE LIQUID GELS,5da60696a60b87376833e34c
Lipton,1,,5332f603e4b03c9a25efd0bf
SANTITAS Tortilla Chips,1,SANTITAS,591325cde4b0cddf4ebb6a69
Fruit Love Spoonable Smoothies,1,FRUIT LOVE,5d4880ca6d5f3b105d1bc8dc
Tropicana,0,TROPICANA,585a9744e4b03e62d1ce0e98
Sabra,1,,585a96fbe4b03e62d1ce0e8e
Raisin Nut Bran,1,RAISIN NUT BRAN,5daf68751dda2c3e1416ae9c
Bayer® ASPRIN EXTRA STRENGTH ,1,511111405696,5da607daa60b87376833e350
Corn Flakes,1,,5332f9f1e4b03c9a25efd1c5
Velveeta,0,VELVEETA,5887a28ae4b02187f85cdad6
GOOD HUMOR,0,GOOD HUMOR,592486bee410d61fcea3d12b
JUST CRACK AN EGG Scramble Kit,0,JUST CRACK AN EGG,5aa1b53ae4b086c8aad5e097
test brand @1604946244789,0,TEST BRANDCODE @1604946244789,5fa98944be37ce239d107101
MARTHA STEWART LIVING MAGAZINE,0,511111305071,5d6417f56d5f3b23d1bc790d
DOVE MEN+CARE,0,,592486bee410d61fcea3d129
Cracker Barrel Macaroni & Cheese Dinners,0,,588ba0f5e4b02187f85cdade
test brand @1598813526618,1,TEST BRANDCODE @1598813526618,5f4bf556be37ce0b4491554a
test brand @1601659135935,1,,5f7760ffbe37ce1d26d7b7a9
Pepsi,0,PEPSI,5332f5fbe4b03c9a25efd0b9
Mott's® Fruit Snacks,1,MOTT'S,5daf2e2a1dda2c3e1416ae92
Corn Pops,1,,5332f9fde4b03c9a25efd1ce
Riberhus,0,RIBERHUS,5a8f6461e4b02d0314ffa208
Hershey's Pudding,0,HERSHEY'S PUDDING,58861d07e4b02187f85cdacd
test brand @1599097538394,1,TEST BRANDCODE @1599097538395,5f504ac2be37ce0b793c9412
Busch,1,,5332f7aae4b03c9a25efd139
Digiorno,1,,53501d29b9237fd7718f9e16
test brand @1607636368260,0,TEST BRANDCODE @1607636368260,5fd29590be37ce38bbbefb27
GO & GROW,1,GO & GROW,5c49d4c5315a247b580d50fb
test brand @1595968943087,1,TEST BRANDCODE @1595968943087,5f208dafbe37ce7958c59524
COUNTRY CROCK,1,COUNTRY CROCK,592486bde410d61fcea3d126
Stacy's,1,STACY'S,585a971ae4b03e62d1ce0e93
Budweiser Select,1,,5332f7a9e4b03c9a25efd137
MR. YOSHIDA'S,0,MR. YOSHIDA'S,5a5d1e5fe4b06ba572cf249d
Bisquick,1,,5332f77de4b03c9a25efd12b
Austin,1,,57dd5a50e4b0ac389136a2d9
test brand @1604437352151,0,TEST BRANDCODE @1604437352151,5fa1c568be37ce402c4618f4
test brand @1598716512038,1,,5f4a7a60be37ce2d95e65cad
test brand @1595531348410,1,TEST BRANDCODE @1595531348410,5f19e054be37ce33f74a1671
test brand @1607636369580,0,,5fd29591be37ce38bbbefb2c
Barq's,1,,5332fa7ae4b03c9a25efd228
test brand @1598296705444,1,TEST BRANDCODE @1598296705444,5f441281be37ce5dbe9b7c82
Lea & Perrins,0,LEA & PERRINS,57ebc158e4b0ac389136a341
Caffeine-free Diet Coke,1,,5332fa73e4b03c9a25efd21d
Heinz,0,HEINZ,57ebc009e4b0ac389136a334
Sara Lee,0,SARA LEE ,5fb6b695be37ce522e165cba
test brand @1602694015481,1,TEST BRANDCODE @1602694015481,5f872b7fbe37ce66db5dd977
OVEN FRY,0,OVEN FRY,5a5d1e8fe4b06ba572cf249e
BETTY CROCKER SPECIAL EDITION MAGAZINE,1,,5d658fde6d5f3b23d1bc7913
test brand @1598716510157,1,TEST BRANDCODE @1598716510157,5f4a7a5ebe37ce2d95e65ca4
Skol,1,,57c08268e4b0718ff5fcb035
Two Hats,1,TWO HATS,5a5d2856e4b0db471c2d0430
Starbucks Ready-To-Drink Beverages,0,STARBUCKS Bottled Drinks,591b7682e4b0cddf4ebb6a6a
Fritos,1,FRITOS,585a965be4b03e62d1ce0e7c
Pasta Roni,1,PASTA RONI,585a96c2e4b03e62d1ce0e87
7 up,1,BRAND CODE,55b6309ce4b0d8e685c1421b
Allrecipes Magazine,1,ALLRECIPES,5d641257a3a018514994f425
1_KRAFT Hockeyville,1,,5a7e0c1ae4b0782f27c68d4e
test brand @1606765591455,0,,5fc54c17be37ce1911dbb3b8
V8V Fusion,0,V8 V FUSION ,5ab130e2e4b0915382df7619
test brand @1599097538537,1,TEST BRANDCODE @1599097538537,5f504ac2be37ce0b793c9413
H2OH! Sparkling Water,1,H20H,5d66dbf36d5f3b6188d4f04d
Miller Genuine Draft,0,MILLER GENUINE DRAFT,5332f7f0e4b03c9a25efd160
test brand @1603760319814,1,TEST BRANDCODE @1603760319814,5f9770bfbe37ce03d08a2d87
Special K,1,,5332f9f1e4b03c9a25efd1c4
Busch Light,1,,5332f7a8e4b03c9a25efd136
Amazing Grains,1,AMAZING GRAINS,5d5abca1a3a018514994f421
test brand @1595531348374,1,TEST BRANDCODE @1595531348374,5f19e054be37ce33f74a1670
Chocolate Cheerios™,1,CHOCOLATE CHEERIOS,5dc07de6a60b873d6b0666d0
O.N.E. Coconut Water,1,ONE,5d66dfec6d5f3b6188d4f053
Keystone Ice,1,KEYSTONE ICE,5a5d209ae4b0db471c2d0429
DIGIORNO CHEESE,0,DIGIORNO CHEESE,5a5d1d05e4b06ba572cf249b
Caleb's Kola,1,CALEBS KOLA,5d601d74a3a018514994f422
test brand @1611088503776,0,TEST BRANDCODE @1611088503776,60074277be37ce360be63a01
Pilsner Urquell,0,PILSNER URQUELL,58861c7e4e8d0d20bc42c4ea
test brand @1597935986474,1,TEST BRANDCODE @1597935986474,5f3e9172be37ce5a0e01b956
Prairie Farms,1,,540f241c68abd3c7065097d5
Milano,0, MILANO,5ab13217e4b0915382df761b
test brand @1607707833391,0,,5fd3acb9be37ce0d9386bb4c
Palermo,1,,53501e6cb9237fd7718f9e25
test brand @1595968944654,1,,5f208db0be37ce7958c59527
"General Mills ""Big G"" Cereal",1,GENERAL MILLS CEREAL,5dc07e2aa60b873d6b0666d1
test brand @1598635635448,1,TEST BRANDCODE @1598635635448,5f493e73be37ce64d0ae36c7
CLEAR,0,CLEAR,592486bde410d61fcea3d125
Arnold Palmer Spiked,0,ARNOLD PALMER SPIKED HALF & HALF ORIGINAL,5a5d10b5e4b06ba572cf2497
Absolut® Lime,0,ABSOLUT® LIME,5fb81985be37ce522e165cdb
Absolut® Juice Strawberry,0,ABSOLUT® JUICE STRAWBERRY,5fb81718be37ce522e165cd6
Absolut® Original,0,ABSOLUT® ORIGINAL,5fb817e8be37ce522e165cd8
Absolut® Mandrin,0,ABSOLUT® MANDRIN,5fb818abbe37ce522e165cd9
Absolut® Elyx,0,ABSOLUT ELYX,5fb7f9c2be37ce522e165cc8
Absolut® Juice Apple,0,ABSOLUT® JUICE APPLE,5fb81796be37ce522e165cd7
Aberlour®,0,ABERLOUR,5fb7f8febe37ce522e165cc7
Jameson® Cold Brew ,0,JAMESON COLD BREW ,5fb80a6bbe37ce522e165cd0
Jefferson’s Reserve®,0,JEFFERSON’S RESERVE,5fb6d68abe37ce522e165cbf
Campo Viejo®,0,CAMPO VIEJO,5fb6d5e4be37ce522e165cbe
Kahlua®,0,KAHLUA,5fb7e90fbe37ce522e165cc5
Mumm Napa®,0,MUMM NAPA ,5fb7e52abe37ce522e165cc2
Malfy®,0,MALFY,5fb7e7aebe37ce522e165cc4
Malibu® Lime,0,MALIBU® LIME,5fb80e12be37ce522e165cd4
Malibu® Strawberry,0,MALIBU® STRAWBERRY,5fb80e70be37ce522e165cd5
Redbreast 12YO ,0,REDBREAST 12YO ,5fb7fae8be37ce522e165cca
test brand @1597527951412,1,TEST BRANDCODE @1597527951412,5f38578fbe37ce5178517ad5
test brand @1598296705593,1,,5f441281be37ce5dbe9b7c84
Sol,0,SOL,5a5d25b6e4b0db471c2d042c
Activia,1,,5332f807e4b03c9a25efd16f
Baked!,1,,585a9618e4b03e62d1ce0e75
test brand @1599159969725,1,TEST BRANDCODE @1599159969725,5f513ea1be37ce21f1287c06
test brand @1598881723241,1,,5f4cffbba475f1050a66b574
Wyler's,0,WYLER'S,57ebc2f0e4b0ac389136a34c
test brand @1601939762943,1,TEST BRANDCODE @1601939762943,5f7ba932be37ce2f290fb254
Fat Rabbit,1,FAT RABBIT,5db9e6551dda2c3e1416aea0
Total™,1,TOTAL,5daf60021dda2c3e1416ae9a
test brand @1598635634169,1,,5f493e72be37ce64d0ae36c1
test brand @1598635435829,1,TEST BRANDCODE @1598635435829,5f493dabbe37ce64d0ae36bb
Nature's Bakery,1,,55a58727e4b0d0a65b3693cd
test brand @1607708191092,0,TEST BRANDCODE @1607708191093,5fd3ae1fbe37ce0d9386bb55
Coca-Cola Zero,1,,5332fa75e4b03c9a25efd220
Malibu® Pineapple,0,MALIBU® PINEAPPLE,5fb80dd6be37ce522e165cd3
PURE BLISS,1,PURE BLISS,5c49d24df0276e771967371a
Royal Dansk,0,ROYAL DANSK,5a8c36a1e4b0ccf165fac9e8
test brand @1598711015578,1,TEST BRANDCODE @1598711015578,5f4a64e7be37ce17d23b317c
Kraft Shredded Cheese,1,,57ebc13de4b0ac389136a33e
Devour,0,DEVOUR,57d9612be4b0ac389136a2ba
Campbell's,0,CAMPBELLS,5a8c2f7ce4b0ccf165fac9e3
test brand @1595340086011,1,TEST BRANDCODE @1595340086011,5f16f536be37ce2b30061e26
STUBBORN SODA,0,STUBBORN SODA,5a4d254ce4b0bcb2c74ea780
Avion® Silver,0,AVION,5fb6d83cbe37ce522e165cc1
test brand @1610039590413,0,TEST BRANDCODE @1610039590413,5ff74126be37ce1e961f3271
test brand @1610039590349,0,TEST BRANDCODE @1610039590349,5ff74126be37ce1e961f326f
test brand @1610039590443,0,TEST BRANDCODE @1610039590443,5ff74126be37ce1e961f3272
test brand @1610040575410,0,,5ff744ffbe37ce1e961f3275
test brand @1610039590383,0,TEST BRANDCODE @1610039590383,5ff74126be37ce1e961f3270
test brand @1610039590990,0,TEST BRANDCODE @1610039590990,5ff74126be37ce1e961f3273
test brand @1610495622485,0,TEST BRANDCODE @1610495622485,5ffe3686be37ce5e01754c5e
test brand @1610496646103,0,TEST BRANDCODE @1610496646104,5ffe3a86be37ce7aab2d4fd5
test brand @1610495622510,0,TEST BRANDCODE @1610495622510,5ffe3686be37ce5e01754c5f
test brand @1610495623019,0,TEST BRANDCODE @1610495623019,5ffe3687be37ce5e01754c62
test brand @1610495622536,0,TEST BRANDCODE @1610495622536,5ffe3686be37ce5e01754c60
test brand @1610495622560,0,TEST BRANDCODE @1610495622560,5ffe3686be37ce5e01754c61
ONE A DAY®,0,ONE A DAY,5e5ff158ee7f2d0b35b2a18d
Cherry Coke,1,,5332fa77e4b03c9a25efd225
Happy Paws,1,511111705239,5d659490a3a018514994f433
COUNTRY CROCK ORIGINAL,1,COUNTRY CROCK ORIGINAL,5e710da7ee7f2d0b35b2a191
Mayo by HELLMANN'S/BEST FOODS,0,HELLMANN'S/BEST FOODS,592486bee410d61fcea3d12c
test brand @1597527951382,1,TEST BRANDCODE @1597527951382,5f38578fbe37ce5178517ad4
test brand @1601644882040,1,TEST BRANDCODE @1601644882040,5f772952be37ce6b592e90d4
test brand @1597527952048,1,TEST BRANDCODE @1597527952048,5f385790be37ce5178517ad8
test brand @1598711051957,1,,5f4a650bbe37ce17d23b317f
test brand @1598290605359,1,,5f43faadbe37ce3ef3fd371b
test brand @1595968943787,1,TEST BRANDCODE @1595968943787,5f208dafbe37ce7958c59525
TALENTI,0,TALENTI,592486bfe410d61fcea3d13c
test brand @1598635634767,1,TEST BRANDCODE @1598635634767,5f493e72be37ce64d0ae36c3
ONE A DAY® VITACRAVES ADULT MULTIVITAMINS,1,511111305842,5da6097ea60b87376833e358
Red Dog,1,RED DOG,58b59950e4b0857c2ddb7254
Smith & Forge Hard Cider,0,SMITH & FORGE,58861c7e4e8d0d20bc42c4ee
LIPTON Iced Tea Beverages,0,LIPTON Iced Tea Beverages,5a5e34fee4b0db471c2d0436
Ruffles,1,RUFFLES,585a96f5e4b03e62d1ce0e8d
V8 Plus Energy,0,V8 PLUS ENERGY ,5ab13165e4b0be0a89bb0b03
POP SECRET,0,POP SECRET,5afda618e4b0c11cfecd49fa
test brand @1601939763539,1,TEST BRANDCODE @1601939763539,5f7ba933be37ce2f290fb256
Fruit on the Bottom,1,,5332f800e4b03c9a25efd16c
Capri Sun,0,CAPRI SUN,5887a0fde4b02187f85cdad1
NUT HARVEST,1,NUT HARVEST,5a5d1acce4b0db471c2d0421
test brand @1598881563437,1,TEST BRANDCODE @1598881563437,5f4cff1ba475f1050a66b569
Famous Amos,1,,57c0810fe4b0718ff5fcb02d
test brand @1600291349208,1,TEST BRANDCODE @1600291349208,5f628215be37ce78e6e2efac
Emils,1,,53501d2ab9237fd7718f9e19
Henry Weinhard's,1,HENRY WEINHARDS,5b184cdbe4b0d159a5b66e2b
test brand @1599097539366,1,TEST BRANDCODE @1599097539367,5f504ac3be37ce0b793c9416
People Special Edition Magazine,1,511111905035,5d6415b3a3a018514994f428
Fruity Cheerios™,1,FRUITY CHEERIOS,5dc07880a60b873d6b0666cf
Flintstones™ MULTIVITAMIN GUMMY,1,FLINTSTONES MULTIVITAMIN GUMMY,5da608821dda2c3e1416ae8c
Foster's,0,FOSTER'S,57e58166e4b0ac389136a30b
F. Whitlock & Sons BBQ Sauce,1,F WHITLOCK AND SONS,5d5411eda3a018514994f420
test brand @1610046687007,0,TEST BRANDCODE @1610046687007,5ff75cdfbe37ce1e961f328f
test brand @1610046687035,0,TEST BRANDCODE @1610046687035,5ff75cdfbe37ce1e961f3290
test brand @1610046686980,0,TEST BRANDCODE @1610046686980,5ff75cdebe37ce1e961f328e
test brand @1599097538571,1,TEST BRANDCODE @1599097538572,5f504ac2be37ce0b793c9414
I CAN'T BELIEVE IT'S NOT BUTTER!,1,I CAN'T BELIEVE IT'S NOT BUTTER,5e710dd5ee7f2d0b35b2a193
test brand @1607463684777,0,TEST BRANDCODE @1607463684777,5fcff304be37ce6d53dfc686
Baken-Ets,1,BAKEN-ETS,585a961fe4b03e62d1ce0e76
LIBERTÉ®,1,LIBERTE,5daf472da60b87376833e35e
Apple Cinnamon Cheerios™,1,APPLE CINNAMON CHEERIOS,5dc076e41dda2c0ad7da64ab
St. Stefanus,1,ST STEFANUS,5a5d2695e4b0db471c2d042d
Monster,1,,5332f5ebe4b03c9a25efd0a7
Dole Chilled Fruit Juices,0,DOLE CHILLED FRUIT JUICES,585a9653e4b03e62d1ce0e7b
test brand @1597350076586,1,,5f35a0bcbe37ce6853cff20b
Haagen-Dazs,1,,5332f70ee4b03c9a25efd0f7
SUAVE,0,SUAVE,592486bfe410d61fcea3d13a
Classico,0,CLASSICO,57ebbed8e4b0ac389136a32e
Brahma,1,,57c08275e4b0718ff5fcb036
Stroehmann,0,STROEHMANN,5fb82a34be37ce522e165ce5
Bubly Sparkling Water,0,BUBLY,5d66d9016d5f3b6188d4f04a
1915 Bolthouse Farms,0,1915 BOLTHOUSE FARMS,5ab152fae4b0be0a89bb0b05
test brand @1610046687624,0,TEST BRANDCODE @1610046687624,5ff75cdfbe37ce1e961f3291
test brand @1610046686954,0,TEST BRANDCODE @1610046686954,5ff75cdebe37ce1e961f328d
test brand @1610049748078,0,TEST BRANDCODE @1610049748079,5ff768d4be37ce1e961f329a
MIRALAX®LAXATIVES,0,MIRALAX LAXATIVES,5e5ff32bee7f2d0b35b2a190
test brand @1607708191128,0,TEST BRANDCODE @1607708191128,5fd3ae1fbe37ce0d9386bb56
test brand @1607708191160,0,TEST BRANDCODE @1607708191160,5fd3ae1fbe37ce0d9386bb57
test brand @1607708191197,0,TEST BRANDCODE @1607708191197,5fd3ae1fbe37ce0d9386bb58
test brand @1607708191721,0,TEST BRANDCODE @1607708191721,5fd3ae1fbe37ce0d9386bb59
test brand @1607708192160,0,,5fd3ae20be37ce0d9386bb5b
test brand @1610562208718,0,TEST BRANDCODE @1610562208718,5fff3aa0be37ce2bb793011a
test brand @1610653894219,0,TEST BRANDCODE @1610653894219,6000a0c6be37ce2bb793011d
test brand @1610562208600,0,TEST BRANDCODE @1610562208600,5fff3aa0be37ce2bb7930117
test brand @1610562208645,0,TEST BRANDCODE @1610562208645,5fff3aa0be37ce2bb7930118
test brand @1610562209325,0,TEST BRANDCODE @1610562209325,5fff3aa1be37ce2bb793011b
test brand @1610562208680,0,TEST BRANDCODE @1610562208680,5fff3aa0be37ce2bb7930119
test brand @1610660035827,0,TEST BRANDCODE @1610660035827,6000b8c3be37ce321363c6c3
test brand @1610660035788,0,TEST BRANDCODE @1610660035788,6000b8c3be37ce321363c6c2
test brand @1610660036398,0,TEST BRANDCODE @1610660036398,6000b8c4be37ce321363c6c4
test brand @1610718082493,0,TEST BRANDCODE @1610718082494,60019b82be37ce4f17e558d2
Tropicana Trop 50,0,,585a973ee4b03e62d1ce0e97
Valu Time,1,,552ecc9be4b02ff29f99b214
TGI Fridays,0,T.G.I. FRIDAY'S,580dffa7e4b0f32b2de21383
Cusquena,1,CUSQUENA,5a5d1d71e4b06ba572cf249c
Arnold ,0,ARNOLD,5fb6b6e1be37ce522e165cbb
McCafé,0,MC CAFE,57ebc188e4b0ac389136a343
O-Ke-Doke,0,O-KE-DOKE,5afda307e4b03bf01c2a2966
test brand @1607312532260,0,TEST BRANDCODE @1607312532260,5fcda494be37ce688e08b0ce
ALKA SELTZER® ADULT HEARTBURN CHEWS/ GUMMY/ TAB,1,ALKA SELTZER ADULT HEARTBURN CHEWS/ GUMMY/ TAB,5da606c61dda2c3e1416ae87
test brand @1595531348450,1,TEST BRANDCODE @1595531348450,5f19e054be37ce33f74a1672
test brand @1598635435926,1,TEST BRANDCODE @1598635435926,5f493dabbe37ce64d0ae36be
test brand @1607636368135,0,TEST BRANDCODE @1607636368136,5fd29590be37ce38bbbefb26
test brand @1598635397611,1,,5f493d85be37ce64d0ae36b2
Quaker Oatmeal Squares,0,,58861c7f4e8d0d20bc42c4fb
Oatmeal Crisp™ Cereal,1,OATMEAL CRISP,5dd59806a60b870fc613f7ca
Milwaukee's Best Light,1,,58861c7e4e8d0d20bc42c4e4
test brand @1609794602668,0,,5ff3842abe37ce2c56dacbac
test brand @1609794603283,0,TEST BRANDCODE @1609794603283,5ff3842bbe37ce2c56dacbaf
Phillips'®Digestive,0,PHILLIPS'®DIGESTIVE,5ec2dd58be37ce5234ec36b9
test brand @1610660035741,0,TEST BRANDCODE @1610660035741,6000b8c3be37ce321363c6c1
test brand @1610660036852,0,,6000b8c4be37ce321363c6c6
test brand @1609794603236,0,TEST BRANDCODE @1609794603237,5ff3842bbe37ce2c56dacbae
test brand @1609794603367,0,TEST BRANDCODE @1609794603367,5ff3842bbe37ce2c56dacbb1
test brand @1609794603327,0,TEST BRANDCODE @1609794603327,5ff3842bbe37ce2c56dacbb0
test brand @1609794603941,0,TEST BRANDCODE @1609794603942,5ff3842bbe37ce2c56dacbb2
test brand @1610038521409,0,TEST BRANDCODE @1610038521409,5ff73cf9be37ce1e961f3257
test brand @1610718082601,0,TEST BRANDCODE @1610718082601,60019b82be37ce4f17e558d3
test brand @1610718083279,0,TEST BRANDCODE @1610718083279,60019b83be37ce4f17e558d6
test brand @1611088480964,0,,60074261be37ce360be639f6
test brand @1610718082685,0,TEST BRANDCODE @1610718082685,60019b82be37ce4f17e558d5
test brand @1610718083421,0,,60019b83be37ce4f17e558d8
test brand @1610718082644,0,TEST BRANDCODE @1610718082644,60019b82be37ce4f17e558d4
test brand @1610135038186,0,,5ff8b5febe37ce4a13986614
test brand @1610135036684,0,TEST BRANDCODE @1610135036684,5ff8b5fcbe37ce4a13986612
test brand @1610493432606,0,,5ffe2df8be37ce5e01754c20
test brand @1610493496943,0,TEST BRANDCODE @1610493496943,5ffe2e38be37ce5e01754c22
test brand @1610493089082,0,TEST BRANDCODE @1610493089082,5ffe2ca1be37ce5e01754c0e
test brand @1610135035614,0,TEST BRANDCODE @1610135035614,5ff8b5fbbe37ce4a13986610
test brand @1610493152468,0,,5ffe2ce0be37ce5e01754c17
test brand @1610135035679,0,TEST BRANDCODE @1610135035679,5ff8b5fbbe37ce4a13986611
test brand @1610135035546,0,TEST BRANDCODE @1610135035546,5ff8b5fbbe37ce4a1398660f
test brand @1610493088286,0,TEST BRANDCODE @1610493088287,5ffe2ca0be37ce5e01754c0a
test brand @1610493088459,0,TEST BRANDCODE @1610493088459,5ffe2ca0be37ce5e01754c0c
test brand @1610493088421,0,TEST BRANDCODE @1610493088421,5ffe2ca0be37ce5e01754c0b
test brand @1610493088494,0,TEST BRANDCODE @1610493088494,5ffe2ca0be37ce5e01754c0d
test brand @1610058197026,0,,5ff789d5be37ce786ba0f6a9
test brand @1610058181760,0,TEST BRANDCODE @1610058181760,5ff789c5be37ce786ba0f6a6
test brand @1610135035331,0,TEST BRANDCODE @1610135035332,5ff8b5fbbe37ce4a1398660e
test brand @1610058182453,0,TEST BRANDCODE @1610058182453,5ff789c6be37ce786ba0f6a7
test brand @1610058181682,0,TEST BRANDCODE @1610058181682,5ff789c5be37ce786ba0f6a4
test brand @1610058181719,0,TEST BRANDCODE @1610058181719,5ff789c5be37ce786ba0f6a5
Hershey's™ Cereal,1,HERSHEYS CEREAL,5dc07bee1dda2c0ad7da64ac
test brand @1598296704728,1,TEST BRANDCODE @1598296704728,5f441280be37ce5dbe9b7c7f
Amp Energy,0,AMP,58861c7e4e8d0d20bc42c4f5
Fuze,1,,5332f754e4b03c9a25efd112
Eat This Not That Magazine,1,511111905318,5d66d6a2a3a018093ab34727
AXE,0,AXE,592486bde410d61fcea3d120
test brand @1598635435855,1,TEST BRANDCODE @1598635435855,5f493dabbe37ce64d0ae36bc
test brand @1606765582946,0,TEST BRANDCODE @1606765582946,5fc54c0ebe37ce1911dbb3b6
Kemps,1,,5332f712e4b03c9a25efd0f8
Barmen,1,,5332f70ae4b03c9a25efd0f4
test brand @1601939064752,1,,5f7ba678be37ce23081c5297
alexa-o's,1,ALEXA-O'S,5c6d51d695144c607914426f
Frosted Mini-Wheats,1,,5332f5f4e4b03c9a25efd0af
Bayer® ASPRIN TAB/ CAPS/ CHEWS,1,511111005704,5da607ef1dda2c3e1416ae89
test brand @1603925792078,1,,5f99f720be37ce13da9eaded
InStyle,1,511111805069,5d6417dda3a018514994f42a
Steel Reserve,0,STEEL RESERVE,57e581dfe4b0ac389136a30e
Pop Works & Company Popcorn,1,POP WORKS & COMPANY,5d603430a3a018514994f423
SABRITONES,1,SABRITONES,5a4d2489e4b0d5c3fd86b67a
TIME Special Edition Magazine,1,511111205456,5d66def56d5f3b6188d4f052
SURE-JELL,0,SURE-JELL,5a5d1ef1e4b0db471c2d0426
Terrapin,1,TERRAPIN,5a5d26c7e4b06ba572cf24a5
Smart Made,0,SMART MADE,588ba164e4b02187f85cdadf
test brand @1602694099888,1,,5f872bd4be37ce66db5dd983
Coastal Living Magazine,1,511111405023,5d6415a26d5f3b23d1bc790b
LOVE BEAUTY AND PLANET,0,LOVE BEAUTY AND PLANET,5a8c5ee7e4b07f0a2dac8948
Protein One™,1,PROTEIN ONE,5daf2a6b1dda2c3e1416ae91
Sugar Free NOS,1,,5332f753e4b03c9a25efd110
Yoga Journal Magazine,1,511111605492,5d66e03f6d5f3b6188d4f054
Show this Brand A,1,,5ea07e02be37ce3e45b6a781
Smartfood Selects,1,,585a9707e4b03e62d1ce0e90
test brand @1603925787381,1,TEST BRANDCODE @1603925787381,5f99f71bbe37ce13da9eade8
Kool-Aid,0,KOOL-AID,57ebc02be4b0ac389136a339
Minute Maid,1,,5332f5f5e4b03c9a25efd0b1
test brand @1601939013241,1,TEST BRANDCODE @1601939013241,5f7ba645be37ce23081c528b
Velveeta Shells,0,,58861c7d4e8d0d20bc42c4d7
Margaritaville,1,,5332f7b5e4b03c9a25efd141
test brand @1598042674677,1,,5f403232be37ce5f78d9ed1b
Absolut® Citron,0,ABSOLUT® CITRON,5fb81ab9be37ce522e165cdc
Avion® R44,0,AVION R44,5fb7fa35be37ce522e165cc9
Caffeine-free Coca-Cola,1,,5332fa79e4b03c9a25efd227
test brand @1607639231710,0,TEST BRANDCODE @1607639231710,5fd2a0bfbe37ce49eb72c0f2
Screamin Sicilian,1,,53501d2ab9237fd7718f9e1b
Miller Fortune,1,MILLER FORTUNE,5a5d239de4b0db471c2d042a
LEVER 2000,0,LEVER 2000,592486bee410d61fcea3d131
A+D®,0,A+D,5da603a71dda2c3e1416ae82
Pull-Ups,1,PULLUPS,5db3288aee7f2d6de4248977
test brand @1599849713170,1,,5f5bc4f1be37ce17125ac0e7
test brand @1606765578434,0,TEST BRANDCODE @1606765578435,5fc54c0abe37ce1911dbb3b2
Mountain Dew,0,MOUNTAIN DEW,5332f5fbe4b03c9a25efd0bb
Kraft Mayo,0,,57ebc12ce4b0ac389136a33c
Sun Chips,1,SUN CHIPS,585a9720e4b03e62d1ce0e94
test brand @1598813527796,1,TEST BRANDCODE @1598813527796,5f4bf557be37ce0b4491554e
PURE LEAF Tea Leaves,0,PURE LEAF Tea Leaves,592486bfe410d61fcea3d138
Corn Nuts,0,CORN NUTS,5887a320e4b02187f85cdad8
Breakstone's,0,BREAKSTONE'S,57d95753e4b0ac389136a2b3
Sparks,0,SPARKS,5a5d263ee4b06ba572cf24a4
test brand @1598716509357,1,TEST BRANDCODE @1598716509358,5f4a7a5dbe37ce2d95e65ca2
Maxwell House,0,MAXWELL HOUSE,5887a143e4b02187f85cdad2
Beck's,1,,5332f7b5e4b03c9a25efd142
test brand @1599849714378,1,TEST BRANDCODE @1599849714378,5f5bc4f2be37ce17125ac0ed
test brand @1598711015496,1,TEST BRANDCODE @1598711015496,5f4a64e7be37ce17d23b317a
Continental,1,CONTINENTAL SOUP,5a5d2b20e4b0db471c2d0434
Garnier - Hair Color,1,GARNIER - HAIR COLOR,5e3875f5ee7f2d697e835bcf
AFRIN® NASAL SPRAY,0,AFRIN® NASAL SPRAY,5ec2dc5fbe37ce5234ec36b8
Goodbelly® Probiotics,1,GOODBELLY,5daf4867a60b87376833e35f
NEXXUS,0,NEXXUS,592486bee410d61fcea3d134
V8,0,V8,5a8c3226e4b07f0a2dac8942
Dr. Pepper,1,,55b630a4e4b0d8e685c1421c
Colman's,1,COLMAN'S,5a5d2ac5e4b06ba572cf24a7
Prego,0,PREGO,5a8c344ae4b0ccf165fac9e5
test brand @1606765578985,0,TEST BRANDCODE @1606765578985,5fc54c0bbe37ce1911dbb3b4
BRUMMEL & BROWN,1,BRUMMEL & BROWN,5e710e03ee7f2d0b35b2a194
YQ by Yoplait®,1,YQ YOPLAIT,5daf43251dda2c3e1416ae95
Diabetic Living Magazine,1,511111805298,5d66d597a3a018093ab34726
Diabetic Living Magazine,1,,5d658ffa6d5f3b23d1bc7914
test brand @1604946244833,0,TEST BRANDCODE @1604946244833,5fa98944be37ce239d107102
ALKA SELTZER® PLUS COLD AND FLU TAB/ CAPS/ GEL,1,ALKA SELTZER COLD AND FLU TAB/ CAPS/ GEL,5da6076f1dda2c3e1416ae88
test brand @1595531349206,1,TEST BRANDCODE @1595531349206,5f19e055be37ce33f74a1673
ONE A DAY® HEART HEALTH,1,511111905806,5da60915a60b87376833e355
Brand2,1,09090909090,5c4637ba87ff35681e840d57
Bud Light Lime,1,,5332f7afe4b03c9a25efd13e
ONE A DAY® PRENATAL AND PREGNANCY,1,511111105831,5da609621dda2c3e1416ae8f
Diet Chris Cola,1,DIETCHRIS2,5a7e0665e4b0aedb3b84afd4
Dr Pepper,1,,5332f73ee4b03c9a25efd108
Bold Butcher,1,BOLD BUTCHER,5ca6383b166eb32e98e0e450
Lay's Original,1,LAY'S,585a9686e4b03e62d1ce0e81
Quaker Chewy,0,,585a96e0e4b03e62d1ce0e8a
BEN & JERRY'S,1,BEN & JERRY'S,592486bde410d61fcea3d121
test brand @1598716509304,1,TEST BRANDCODE @1598716509304,5f4a7a5dbe37ce2d95e65ca1
Pibb Xtra,1,,5332fa7ae4b03c9a25efd22a
"new-brand, of course",1,FRS920,5c6c2f9295144c6db8fe1977
test brand @1598042673378,1,TEST BRANDCODE @1598042673378,5f403231be37ce5f78d9ed15
V8 Hydrate,0,V8 HYDRATE,5bcdfc5990fa074576779a15
Country Time,0,COUNTRY TIME,57d95805e4b0ac389136a2b5
Frito Lay,1,,540f240768abd3c7065097d4
test brand @1611088503732,0,TEST BRANDCODE @1611088503732,60074277be37ce360be63a00
Naked Juice,1,NAKED JUICE,585a96ade4b03e62d1ce0e84
BREYERS,1,BREYERS,592486bde410d61fcea3d122
test brand @1604437351646,0,TEST BRANDCODE @1604437351646,5fa1c567be37ce402c4618f2
Country Gardens Magazine,1,511111105275,5d66d4666d5f3b6188d4f046
Girl Scouts Cookie Cereal,1,GIRL SCOUT CEREAL,5dc2dab01dda2c0ad7da64af
Miller Lite,0,MILLER LITE,53554c847a010fd9f8db0ed6
Third Shift Brewing,1,THIRD SHIFT,5a5d2727e4b0db471c2d042e
GoodNites,1,GOODNITES,5db32879ee7f2d6de4248976
test brand @1599159969061,1,TEST BRANDCODE @1599159969061,5f513ea1be37ce21f1287c04
test brand @1604434433706,0,TEST BRANDCODE @1604434433706,5fa1ba01be37ce402c4618e7
Maybelline,1,MAYBELLINE,5e387679ee7f2d697e835bd2
Yoplait®,0,YOPLAIT,5daf693c1dda2c3e1416ae9d
Odwalla,1,,5332f769e4b03c9a25efd122
test brand @1598290604214,1,TEST BRANDCODE @1598290604214,5f43faacbe37ce3ef3fd3719
test brand @1607463684590,0,TEST BRANDCODE @1607463684591,5fcff304be37ce6d53dfc684
L’Oreal Paris - Hair Color,1,L’OREAL PARIS - HAIR COLOR,5e387644ee7f2d697e835bd1
test brand @1603760320553,1,,5f9770c0be37ce03d08a2d8a
"ALEVE® CAPLETS, TABLETS, AND GEL CAPS",1,"ALEVE CAPLETS, TABLETS, AND GEL CAPS",5da606361dda2c3e1416ae84
Roma,1,,5332fa1ae4b03c9a25efd1e9
Clean Eating Magazine,1,511111605263,5d66d38ca3a018093ab34724
test brand @1598633602226,1,TEST BRANDCODE @1598633602226,5f493682be37ce52f8314fcc
Oikos,1,,5332f806e4b03c9a25efd16e
test brand @1608136465926,0,,5fda3712be37ce09e351596e
test brand @1607987891733,0,TEST BRANDCODE @1607987891733,5fd7f2b3be37ce7339755869
Saint Archer,1,SAINT ARCHER,5a5d247ae4b06ba572cf24a2
Philadelphia,0,PHILADELPHIA,5887a1c8e4b02187f85cdad4
Late July,0,LATE JULY,5afda201e4b0c11cfecd49f7
Freihofers,0,FREIHOFERS,5fb823dfbe37ce522e165ce2
Tyskie,1,TYSKIE GRONIE,5a5d28ade4b0db471c2d0431
Kleenex,0,KLEENEX,5bd2013f965c7d66d92731ec
test brand @1601659120870,1,TEST BRANDCODE @1601659120870,5f7760f0be37ce1d26d7b7a6
test brand @1601939732269,1,,5f7ba914be37ce2f290fb250
EL ISLENO,1,EL ISLENO,5a4d1ec9e4b0bcb2c74ea77d
Maiser's,0,MAISER'S ,5fb822e4be37ce522e165ce0
test brand @1601939762976,1,TEST BRANDCODE @1601939762976,5f7ba932be37ce2f290fb255
Viva,0,VIVA,5bd201f090fa074576779a1a
Poise,0,POISE,5bd20188965c7d66d92731ed
test brand @1607639231747,0,TEST BRANDCODE @1607639231747,5fd2a0bfbe37ce49eb72c0f3
Natural,1,,5332f7a9e4b03c9a25efd138
Ore-Ida,0,ORE-IDA,57d96112e4b0ac389136a2b8
History Channel Special Edition Magazine ,1,511111605331,5d66d81a6d5f3b6188d4f048
BIAGLUT,0,BIAGLUT,5a5d1c77e4b06ba572cf249a
Bitten Dressing,1,BITTEN,5cdacd63166eb33eb7ce0fa8
Tang,0,TANG,57ebc2dfe4b0ac389136a34a
Edy's,1,,5332fa58e4b03c9a25efd214
Huggies,1,HUGGIES,5c7d9cb395144c337a3cbfbb
Plum Organics,0,PLUM ORGANICS,5a8c34d7e4b07f0a2dac8944
The Glenlivet® Caribbean Reserve,0,THE GLENLIVET CARIBBEAN RESERVE,5fb805dbbe37ce522e165ccc
The Glenlivet® Founder's Reserve,0,THE GLENLIVET® FOUNDER'S RESERVE,5fb806b5be37ce522e165ccd
The Glenlivet® 12 Year ,0,THE GLENLIVET® 12 YEAR ,5fb807bebe37ce522e165cce
Goodnites,0,GOODNITES,5bd200fc965c7d66d92731eb
Tassimo,0,TASSIMO,588ba1c8e4b02187f85cdae1
Dippin Dots® Cereal,1,DIPPIN DOTS,5dc2d9d4a60b873d6b0666d2
Stove Top,0,STOVE TOP,5887a290e4b02187f85cdad7
Brownberry,0,BROWNBERRY,5fb82f4bbe37ce522e165ce7
test brand @1601644363663,1,TEST BRANDCODE @1601644363664,5f77274bbe37ce6b592e90ba
Oui™ by Yoplait®,1,OUI BY YOPLAIT,5daf3eed1dda2c3e1416ae94
Cerveza Aguila,1,CERVEZA AGUILA,5a5d144ee4b0db471c2d041d
test brand @1598716507601,1,TEST BRANDCODE @1598716507602,5f4a7a5dbe37ce2d95e65ca0
Budweiser,1,,5332f7a7e4b03c9a25efd133
Budweiser Black Crown,1,,5332f7b7e4b03c9a25efd144
test brand @1600291349297,1,TEST BRANDCODE @1600291349297,5f628215be37ce78e6e2efae
Icehouse,0,ICEHOUSE,57e5823ce4b0ac389136a312
FDS,1,FDS,5a021582e4b00efe02b02a56
Bolthouse Farms,0,BOLTHOUSE FARMS,5a8c2eeee4b0ccf165fac9e2
Q-TIPS,0,Q-TIPS,5a0218cae4b00efe02b02a59
Quaker Granola,0,,58861c7f4e8d0d20bc42c4fa
Hoffman's,0,HOFFMAN'S,588ba198e4b02187f85cdae0
Coca-Cola Cherry Zero,1,,5332fa80e4b03c9a25efd231
Fruit by the Foot™,1,BETTY CROCKER FRUIT BY THE FOOT,5db9f97f1dda2c3e1416aea2
Zumbida,1,ZUMBIDA,5a5d28f1e4b0db471c2d0432
test brand @1598296704794,1,TEST BRANDCODE @1598296704794,5f441280be37ce5dbe9b7c81
Cinnamon Toast Crunch,1,,5332f79ee4b03c9a25efd131
Quaker Popped Crisps,0,,58861c7f4e8d0d20bc42c4fc
test brand @1607636368759,0,TEST BRANDCODE @1607636368759,5fd29590be37ce38bbbefb29
Hoegaarden,1,,57c08257e4b0718ff5fcb034
Quaker Real Medleys,0,,58861c7f4e8d0d20bc42c4fe
gardenburger,1,,5332f757e4b03c9a25efd114
Krunches!,0,KRUNCHERS,5afda5a6e4b03bf01c2a2968
test brand @1607312532218,0,TEST BRANDCODE @1607312532218,5fcda494be37ce688e08b0cd
Funyuns,1,FUNYUNS,585a9661e4b03e62d1ce0e7d
Campbell's Spaghettios,0,CAMPBELLS SPAGHETTIOS,5ab15456e4b0be0a89bb0b06
BRUMMEL AND BROWN,1,BRUMMEL AND BROWN,592486bde410d61fcea3d123
test brand @1597350074997,1,TEST BRANDCODE @1597350074997,5f35a0babe37ce6853cff202
test brand @1598711019491,1,TEST BRANDCODE @1598711019491,5f4a64ebbe37ce17d23b317d
test brand @1598813501461,1,,5f4bf53dbe37ce0b44915541
Raisin Bran,1,,5332fa08e4b03c9a25efd1d9
Sierra Mist,1,SIERRA MIST,5d66e07da3a018093ab3472d
test brand @1598881572443,1,TEST BRANDCODE @1598881572443,5f4cff24a475f1050a66b56b
test brand @1598290603646,1,TEST BRANDCODE @1598290603646,5f43faabbe37ce3ef3fd3718
test brand @1599159969108,1,TEST BRANDCODE @1599159969108,5f513ea1be37ce21f1287c05
Glaceau smartwater,1,,5332f769e4b03c9a25efd121
LandShark,1,,5332f7afe4b03c9a25efd13c
Oroweat,0,OROWEAT,5fb82f87be37ce522e165ce8
Bud Light,1,,5332f7a8e4b03c9a25efd135
Rold Gold,1,ROLD GOLD,585a96eee4b03e62d1ce0e8c
test brand @1611088503815,0,TEST BRANDCODE @1611088503815,60074277be37ce360be63a02
test brand @1602694015991,1,TEST BRANDCODE @1602694015992,5f872b80be37ce66db5dd979
test brand @1595968942895,1,TEST BRANDCODE @1595968942896,5f208daebe37ce7958c59521
V8 Splash,0,V8 SPLASH,5ab1314de4b0915382df761a
Kotex,0,KOTEX,5bd2016990fa074576779a18
Midwest Living,1,511111505082,5d64191ea3a018514994f42b
Oscar Mayer Carving Board,1,,58863e28e4b02187f85cdacf
Ocean Spray Juices,1,OCEAN SPRAY,5d66df24a3a018093ab3472b
ONE A DAY® ESSENTIAL,1,511111305798,5da608f61dda2c3e1416ae8e
Bagel Bites,0,BAGEL BITES,57d95749e4b0ac389136a2b2
Do It Yourself,1,,5d658fca6d5f3b23d1bc7912
Polly-O,0,POLLY-O,57ebc2b7e4b0ac389136a347
Gevalia Iced Coffee,0,,57ebbfa9e4b0ac389136a331
Sunsilk,1,SUNSILK,5a5d2c59e4b06ba572cf24a9
Baker's,0,BAKER'S,5887a051e4b02187f85cdad0
Ecce Panis,0,ECCE PANIS,5ab1528ce4b0915382df761c
Do It Yourself Special Edition Magazine,1,511111405306,5d66d6016d5f3b6188d4f047
AIR WICK®,0,AIR WICK,5f21c54abe37ce7958c59528
Hamm's Beer,0,HAMM'S,5332f7fde4b03c9a25efd168
Corona,1,,57c08242e4b0718ff5fcb032
test brand @1599849713740,1,TEST BRANDCODE @1599849713740,5f5bc4f1be37ce17125ac0e9
Bellatoria,1,,5332fa12e4b03c9a25efd1e6
Monster's Cereal,1,MONSTERS CEREAL,5dc0351a1dda2c0ad7da64aa
Tazo Bottled Teas,1, TAZO BOTTLED TEAS,5d66e2d46d5f3b6188d4f056
TONI&GUY,0,TONI&GUY,5a0219ede4b00d6a5ccb394e
Modern Farmhouse Magazine,1,511111005377,5d66da306d5f3b6188d4f04c
Weight Watchers Special Edition Magazine ,1,511111905479,5d66dfe6a3a018093ab3472c
test brand @1597935986434,1,TEST BRANDCODE @1597935986434,5f3e9172be37ce5a0e01b955
Mickey's,0,MICKEY'S,58b598dbe4b0857c2ddb7253
Crystal Light,0,CRYSTAL LIGHT,57d95826e4b0ac389136a2b7
Coors Extra Gold,1,COORS EXTRA GOLD,5a5d1bffe4b0db471c2d0423
D'Italiano,0,D ITALIANO,5fb82fe3be37ce522e165cea
DASANI,1,,5332fa75e4b03c9a25efd221
test brand @1600291349042,1,TEST BRANDCODE @1600291349043,5f628215be37ce78e6e2efab
Pepsi Max,0,,585a96cbe4b03e62d1ce0e88
Claussen,0,CLAUSSEN,5887a216e4b02187f85cdad5
Blue Moon,0,BLUE MOON,5332f709e4b03c9a25efd0f2
test brand @1601644365844,1,,5f77274dbe37ce6b592e90c0
Dippin Dots® Cereal,1,DIPPIN DOTS CEREAL,5dc1fca91dda2c0ad7da64ae
test brand @1598639215217,1,TEST BRANDCODE @1598639215217,5f494c6e04db711dd8fe87e7
LIPTON TEA Leaves,0,LIPTON TEA Leaves,5a021611e4b00efe02b02a57
test brand @1613158231643,0,TEST BRANDCODE @1613158231644,6026d757be37ce6369301468
